{"((0.3, 1.0), 0)": -10.0, "((0.3, 1.12), 0)": 0.30000000000000004, "((0.3, 1.06), 0)": -10.0, "((-1.408, 1.06), 0)": 0, "((-2.02, 0.952), 0)": 0, "((-1.44, 1.12), 0)": 0, "((0.3, 0.952), 0)": -3.351, "((-1.44, 0.952), 0)": 0, "((0.3, 1.24), 0)": -3.9000000000000004, "((-1.44, 1.24), 0)": 0, "((-1.44, 1.0), 0)": 0, "((0.3, 1.072), 0)": -3.9000000000000004, "((-1.44, 1.072), 0)": 0, "((0.3, 0.784), 0)": -3.351, "((-1.44, 0.616), 0)": 0, "((-2.02, 1.0), 0)": 0, "((0.3, 1.36), 0)": -3.351, "((-1.44, 1.36), 0)": 0, "((0.3, 0.832), 0)": -3.2631231, "((-1.44, 0.832), 0)": 0, "((0.3, 1.48), 0)": -10.0, "((0.3, 1.6), 0)": -10.0, "((0.3, 1.72), 0)": -10.0, "((0.3, 1.84), 0)": -10.0, "((-1.44, 1.84), 0)": 0, "((-2.02, 1.12), 0)": 0, "((-1.44, 0.664), 0)": 0, "((-1.44, 1.48), 0)": 0, "((0.3, 1.312), 0)": -3.257474079, "((-1.44, 1.312), 0)": 0, "((0.3, 1.672), 0)": -10.0, "((0.3, 1.792), 0)": -10.0, "((0.3, 1.912), 0)": -10.0, "((-1.44, 1.912), 0)": 0, "((-1.44, 0.904), 0)": 0, "((0.3, 1.432), 0)": -3.2918943, "((0.3, 1.552), 0)": -3.9000000000000004, "((-1.44, 1.552), 0)": 0, "((0.3, 1.192), 0)": -10.0, "((-1.44, 1.192), 0)": 0, "((-2.02, 1.072), 0)": 0, "((0.3, 1.024), 0)": -10.0, "((0.3, 0.856), 0)": -3.2971431000000004, "((-1.44, 0.856), 0)": 0, "((-1.44, 1.384), 0)": 0, "((-2.02, 0.832), 0)": 0, "((-2.02, 1.24), 0)": 0, "((-2.02, 1.192), 0)": 0, "((-1.44, 1.432), 0)": 0, "((0.3, 1.144), 0)": 0.30000000000000004, "((-1.44, 1.144), 0)": 0, "((0.3, 0.904), 0)": -10.0, "((-2.02, 1.36), 0)": 0, "((-1.44, 1.024), 0)": 0, "((0.3, 1.264), 0)": -10.0, "((0.3, 1.384), 0)": -10.0, "((0.3, 1.504), 0)": -10.0, "((-1.44, 1.504), 0)": 0, "((-1.44, 1.792), 0)": 0, "((-1.44, 0.736), 0)": 0, "((-2.02, 1.6), 0)": 0, "((-2.02, 1.312), 0)": 0, "((-2.02, 0.784), 0)": 0, "((-2.02, 1.48), 0)": 0, "((0.3, 0.664), 0)": -3.9000000000000004, "((-2.02, 0.904), 0)": 0, "((0.3, 0.616), 0)": 0.9057, "((0.3, 0.448), 0)": -10.0, "((-1.44, 0.448), 0)": 0, "((-1.44, 1.6), 0)": 0, "((-1.44, 0.784), 0)": 0, "((-1.44, 0.496), 0)": 0, "((0.3, 1.96), 0)": -10.0, "((-2.02, 1.336), 0)": 0, "((-1.44, 1.672), 0)": 0, "((-2.02, 1.432), 0)": 0, "((-2.02, 1.144), 0)": 0, "((-2.02, 1.024), 0)": 0, "((-2.02, 1.72), 0)": 0, "((0.3, 2.08), 0)": -3.9000000000000004, "((0.3, 2.2), 0)": -10.0, "((-1.44, 2.032), 0)": 0, "((-2.02, 1.552), 0)": 0, "((-1.44, 1.96), 0)": 0, "((-1.44, 1.624), 0)": 0, "((-2.02, 1.384), 0)": 0, "((-1.44, 1.72), 0)": 0, "((-1.44, 2.2), 0)": 0, "((0.3, 0.736), 0)": -3.351, "((0.3, 0.976), 0)": -10.0, "((0.3, 1.096), 0)": -10.0, "((0.3, 1.216), 0)": -10.0, "((-1.44, 1.216), 0)": 0, "((-1.44, 1.096), 0)": 0, "((-1.44, 0.976), 0)": 0, "((-2.02, 1.264), 0)": 0, "((0.3, 0.688), 0)": -10.0, "((0.3, 0.808), 0)": -3.351, "((-1.44, 0.808), 0)": 0, "((-2.02, 0.616), 0)": 0, "((0.3, 0.568), 0)": -2.622, "((-1.44, 0.52), 0)": 0, "((0.3, 1.624), 0)": -10.0, "((0.3, 1.576), 0)": -10.0, "((-1.44, 1.576), 0)": 0, "((-2.02, 0.736), 0)": 0, "((0.3, 1.744), 0)": -10.0, "((0.3, 1.696), 0)": -3.0, "((0.3, 1.816), 0)": -10.0, "((-1.44, 1.816), 0)": 0, "((0.3, 1.456), 0)": -10.0, "((-1.44, 1.456), 0)": 0, "((-2.02, 0.664), 0)": 0, "((-1.44, 1.264), 0)": 0, "((0.3, 2.032), 0)": -10.0, "((0.3, 2.152), 0)": -10.0, "((-1.44, 2.152), 0)": 0, "((0.3, 0.52), 0)": -10.0, "((0.3, 1.336), 0)": -3.351, "((-1.44, 1.336), 0)": 0, "((-2.02, 1.96), 0)": 0, "((0.3, 0.928), 0)": -3.2700000000000005, "((0.3, 1.048), 0)": -10.0, "((-1.44, 1.048), 0)": 0, "((-2.02, 1.912), 0)": 0, "((-1.44, 1.744), 0)": 0, "((-2.02, 1.624), 0)": 0, "((-2.02, 0.856), 0)": 0, "((-2.02, 1.84), 0)": 0, "((-1.44, 0.568), 0)": 0, "((-2.02, 1.744), 0)": 0, "((0.3, 0.64), 0)": -10.0, "((-2.02, 0.64), 0)": 0, "((0.3, 1.168), 0)": -10.0, "((-1.44, 1.168), 0)": 0, "((-1.44, 0.688), 0)": 0, "((-1.44, 1.408), 0)": 0, "((-2.02, 1.672), 0)": 0}