{"((-3.06, 1.0), 0)": 0, "((0.3, 1.0), 0)": -10.0, "((0.3, 0.6), 0)": -2.261, "((0.3, 0.68), 0)": -1.12349, "((-2.7, 0.68), 0)": 0, "((0.3, 1.08), 0)": -2.9000000000000004, "((-3.06, 1.08), 0)": 0, "((0.3, 1.16), 0)": -10.0, "((-3.06, 1.16), 0)": 0, "((0.3, 1.24), 0)": -10.0, "((-3.06, 1.24), 0)": 0, "((-3.06, 0.6), 0)": 0, "((-3.06, 0.68), 0)": 0, "((-2.7, 1.0), 0)": 0, "((-2.7, 1.08), 0)": 0, "((0.3, 0.76), 0)": -10.0, "((0.3, 0.84), 0)": -10.0, "((0.3, 0.92), 0)": -1.2983141, "((-2.7, 1.24), 0)": 0, "((0.3, 0.36), 0)": -10.0, "((0.3, 0.44), 0)": -10.0, "((0.3, 0.52), 0)": -2.197848269, "((-3.06, 0.52), 0)": 0, "((-3.06, 0.76), 0)": 0, "((0.3, 1.32), 0)": -2.261, "((0.3, 0.28), 0)": -1.361, "((-2.7, 0.36), 0)": 0, "((-2.7, 0.84), 0)": 0, "((0.3, 0.12), 0)": -2.9000000000000004, "((0.3, 0.2), 0)": -2.261, "((-3.06, 0.2), 0)": 0, "((-2.7, 1.16), 0)": 0, "((-3.06, 1.32), 0)": 0, "((-2.7, 0.28), 0)": 0, "((-3.06, 0.92), 0)": 0, "((-3.06, 0.84), 0)": 0, "((-3.06, 0.44), 0)": 0, "((0.3, -0.2), 0)": 0, "((0.3, -0.12), 0)": 0, "((0.3, 1.4), 0)": -2.9000000000000004, "((0.3, 1.48), 0)": -2.9000000000000004, "((0.3, 1.56), 0)": -2.9000000000000004, "((-3.06, 1.56), 0)": 0, "((-2.7, 0.6), 0)": 0, "((-3.06, 0.28), 0)": 0, "((-3.06, 1.4), 0)": 0, "((0.3, 0.04), 0)": -1.1, "((-3.06, 0.04), 0)": 0, "((-2.7, 0.76), 0)": 0, "((-3.06, 0.36), 0)": 0, "((-3.06, 0.12), 0)": 0, "((-3.06, 1.48), 0)": 0, "((-3.06, -0.12), 0)": 0, "((-2.7, 1.48), 0)": 0, "((-2.7, 1.32), 0)": 0, "((-3.06, -0.2), 0)": 0, "((0.3, -0.04), 0)": 0, "((0.3, 1.64), 0)": -10.0, "((0.3, 1.72), 0)": -10.0, "((-2.7, 0.52), 0)": 0, "((-2.7, 0.92), 0)": 0, "((-2.7, 0.44), 0)": 0, "((-2.7, 0.2), 0)": 0, "((-3.06, 1.72), 0)": 0, "((-3.06, -0.04), 0)": 0, "((-2.7, 1.4), 0)": 0, "((-2.7, -0.04), 0)": 0, "((0.3, -0.36), 0)": 0, "((-2.7, -0.12), 0)": 0, "((0.3, -0.28), 0)": 0, "((0.3, 1.8), 0)": -2.0, "((-3.06, 1.8), 0)": 0, "((-3.06, -0.36), 0)": 0, "((-3.06, 1.64), 0)": 0, "((-2.7, 1.56), 0)": 0, "((0.3, 1.88), 0)": -10.0, "((-3.06, 1.88), 0)": 0, "((-2.7, 1.64), 0)": 0, "((-2.7, 1.72), 0)": 0}