{"((0.3, 0.6), 0)": 0, "((0.3, 0.6), 1)": 0, "((0.3, 0.6), 2)": -1.4000000000000001, "((-0.036, 0.488), 0)": 0, "((-0.036, 0.488), 1)": 0, "((-0.036, 0.488), 2)": 0, "((0.076, 0.488), 0)": 0, "((0.076, 0.488), 1)": 0, "((0.076, 0.488), 2)": -10.0, "((-0.26, 0.376), 0)": 0, "((-0.26, 0.376), 1)": 0, "((-0.26, 0.376), 2)": 0, "((0.076, 0.6), 0)": 0, "((0.076, 0.6), 1)": 0, "((0.076, 0.6), 2)": 2.8000000000000003, "((-0.26, 0.488), 0)": 0, "((-0.26, 0.488), 1)": 0, "((-0.26, 0.488), 2)": 0, "((-0.148, 0.348), 0)": 0, "((-0.148, 0.348), 1)": 0, "((-0.148, 0.348), 2)": 0, "((0.3, 0.488), 0)": 0, "((0.3, 0.488), 1)": 0, "((0.3, 0.488), 2)": -1.4000000000000001, "((0.076, 0.376), 0)": 0, "((0.076, 0.376), 1)": 0, "((0.076, 0.376), 2)": -10.0, "((-0.26, 0.264), 0)": 0, "((-0.26, 0.264), 1)": 0, "((-0.26, 0.264), 2)": 0, "((0.076, 0.432), 0)": 0, "((0.076, 0.432), 1)": 0, "((0.076, 0.432), 2)": -10.0, "((-0.148, 0.32), 0)": 0, "((-0.148, 0.32), 1)": 0, "((-0.148, 0.32), 2)": 0, "((-0.148, 0.376), 0)": 0, "((-0.148, 0.376), 1)": 0, "((-0.148, 0.376), 2)": 0, "((-0.26, 0.32), 0)": 0, "((-0.26, 0.32), 1)": 0, "((-0.26, 0.32), 2)": 0, "((0.076, 0.46), 0)": 0, "((0.076, 0.46), 1)": 0, "((0.076, 0.46), 2)": -10.0, "((0.076, 0.348), 0)": 0, "((0.076, 0.348), 1)": 0, "((0.076, 0.348), 2)": -10.0, "((-0.148, 0.236), 0)": 0, "((-0.148, 0.236), 1)": 0, "((-0.148, 0.236), 2)": 0, "((-0.26, 0.292), 0)": 0, "((-0.26, 0.292), 1)": 0, "((-0.26, 0.292), 2)": 0, "((0.3, 0.376), 0)": 0, "((0.3, 0.376), 1)": 0, "((0.3, 0.376), 2)": 2.8000000000000003, "((0.076, 0.264), 0)": 0, "((0.076, 0.264), 1)": 0, "((0.076, 0.264), 2)": -10.0, "((-0.148, 0.152), 0)": 0, "((-0.148, 0.152), 1)": 0, "((-0.148, 0.152), 2)": 0, "((-0.26, 0.348), 0)": 0, "((-0.26, 0.348), 1)": 0, "((-0.26, 0.348), 2)": 0, "((-0.036, 0.6), 0)": 0, "((-0.036, 0.6), 1)": 0, "((-0.036, 0.6), 2)": 0, "((-0.148, 0.46), 0)": 0, "((-0.148, 0.46), 1)": 0, "((-0.148, 0.46), 2)": 0, "((0.076, 0.32), 0)": 0, "((0.076, 0.32), 1)": 0, "((0.076, 0.32), 2)": -10.0, "((-0.148, 0.208), 0)": 0, "((-0.148, 0.208), 1)": 0, "((-0.148, 0.208), 2)": 0, "((-0.036, 0.432), 0)": 0, "((-0.036, 0.432), 1)": 0, "((-0.036, 0.432), 2)": 0, "((-0.036, 0.264), 0)": 0, "((-0.036, 0.264), 1)": 0, "((-0.036, 0.264), 2)": 0, "((-0.148, 0.264), 0)": 0, "((-0.148, 0.264), 1)": 0, "((-0.148, 0.264), 2)": 0, "((-0.036, 0.32), 0)": 0, "((-0.036, 0.32), 1)": 0, "((-0.036, 0.32), 2)": 0, "((0.076, 0.292), 0)": 0, "((0.076, 0.292), 1)": 0, "((0.076, 0.292), 2)": -10.0, "((-0.26, 0.18), 0)": 0, "((-0.26, 0.18), 1)": 0, "((-0.26, 0.18), 2)": 0, "((0.3, 0.432), 0)": 0, "((0.3, 0.432), 1)": 0, "((0.3, 0.432), 2)": -2.548, "((0.3, 0.32), 0)": 0, "((0.3, 0.32), 1)": 0, "((0.3, 0.32), 2)": -10.0, "((0.076, 0.208), 0)": 0, "((0.076, 0.208), 1)": 0, "((0.076, 0.208), 2)": -10.0, "((0.076, 0.096), 0)": 0, "((0.076, 0.096), 1)": 0, "((0.076, 0.096), 2)": -10.0, "((-0.148, -0.016), 0)": 0, "((-0.148, -0.016), 1)": 0, "((-0.148, -0.016), 2)": 0, "((-0.148, 0.432), 0)": 0, "((-0.148, 0.432), 1)": 0, "((-0.148, 0.432), 2)": 0, "((-0.26, 0.208), 0)": 0, "((-0.26, 0.208), 1)": 0, "((-0.26, 0.208), 2)": 0, "((-0.148, 0.488), 0)": 0, "((-0.148, 0.488), 1)": 0, "((-0.148, 0.488), 2)": 0, "((-0.26, 0.236), 0)": 0, "((-0.26, 0.236), 1)": 0, "((-0.26, 0.236), 2)": 0, "((0.076, 0.152), 0)": 0, "((0.076, 0.152), 1)": 0, "((0.076, 0.152), 2)": -10.0, "((-0.26, 0.04), 0)": 0, "((-0.26, 0.04), 1)": 0, "((-0.26, 0.04), 2)": 0, "((-0.036, 0.46), 0)": 0, "((-0.036, 0.46), 1)": 0, "((-0.036, 0.46), 2)": 0, "((-0.148, 0.096), 0)": 0, "((-0.148, 0.096), 1)": 0, "((-0.148, 0.096), 2)": 0, "((-0.036, 0.376), 0)": 0, "((-0.036, 0.376), 1)": 0, "((-0.036, 0.376), 2)": 0, "((-0.26, 0.152), 0)": 0, "((-0.26, 0.152), 1)": 0, "((-0.26, 0.152), 2)": 0, "((-0.26, 0.6), 0)": 0, "((-0.26, 0.6), 1)": 0, "((-0.26, 0.6), 2)": 0, "((-0.26, 0.432), 0)": 0, "((-0.26, 0.432), 1)": 0, "((-0.26, 0.432), 2)": 0, "((-0.148, 0.6), 0)": 0, "((-0.148, 0.6), 1)": 0, "((-0.148, 0.6), 2)": 0, "((0.3, 0.264), 0)": 0, "((0.3, 0.264), 1)": 0, "((0.3, 0.264), 2)": -2.8000000000000003, "((-0.036, 0.152), 0)": 0, "((-0.036, 0.152), 1)": 0, "((-0.036, 0.152), 2)": 0, "((-0.26, 0.46), 0)": 0, "((-0.26, 0.46), 1)": 0, "((-0.26, 0.46), 2)": 0, "((-0.036, 0.208), 0)": 0, "((-0.036, 0.208), 1)": 0, "((-0.036, 0.208), 2)": 0, "((0.3, 0.208), 0)": 0, "((0.3, 0.208), 1)": 0, "((0.3, 0.208), 2)": -2.8000000000000003, "((0.076, -0.016), 0)": 0, "((0.076, -0.016), 1)": 0, "((0.076, -0.016), 2)": 0, "((0.3, 0.348), 0)": 0, "((0.3, 0.348), 1)": 0, "((0.3, 0.348), 2)": -2.8000000000000003, "((0.076, 0.236), 0)": 0, "((0.076, 0.236), 1)": 0, "((0.076, 0.236), 2)": -10.0, "((-0.26, 0.124), 0)": 0, "((-0.26, 0.124), 1)": 0, "((-0.26, 0.124), 2)": 0, "((-0.148, 0.292), 0)": 0, "((-0.148, 0.292), 1)": 0, "((-0.148, 0.292), 2)": 0, "((-0.036, 0.292), 0)": 0, "((-0.036, 0.292), 1)": 0, "((-0.036, 0.292), 2)": 0, "((0.3, 0.152), 0)": 0, "((0.3, 0.152), 1)": 0, "((0.3, 0.152), 2)": -10.0, "((-0.036, 0.04), 0)": 0, "((-0.036, 0.04), 1)": 0, "((-0.036, 0.04), 2)": 0, "((0.3, 0.46), 0)": 0, "((0.3, 0.46), 1)": 0, "((0.3, 0.46), 2)": -2.8000000000000003, "((-0.036, 0.348), 0)": 0, "((-0.036, 0.348), 1)": 0, "((-0.036, 0.348), 2)": 0, "((-0.148, 0.18), 0)": 0, "((-0.148, 0.18), 1)": 0, "((-0.148, 0.18), 2)": 0, "((-0.26, 0.096), 0)": 0, "((-0.26, 0.096), 1)": 0, "((-0.26, 0.096), 2)": 0, "((-0.148, 0.04), 0)": 0, "((-0.148, 0.04), 1)": 0, "((-0.148, 0.04), 2)": 0, "((-0.26, -0.016), 0)": 0, "((-0.26, -0.016), 1)": 0, "((-0.26, -0.016), 2)": 0, "((0.076, 0.124), 0)": 0, "((0.076, 0.124), 1)": 0, "((0.076, 0.124), 2)": -10.0, "((-0.148, 0.012), 0)": 0, "((-0.148, 0.012), 1)": 0, "((-0.148, 0.012), 2)": 0, "((-0.148, 0.068), 0)": 0, "((-0.148, 0.068), 1)": 0, "((-0.148, 0.068), 2)": 0, "((-0.036, 0.236), 0)": 0, "((-0.036, 0.236), 1)": 0, "((-0.036, 0.236), 2)": 0, "((-0.036, 0.096), 0)": 0, "((-0.036, 0.096), 1)": 0, "((-0.036, 0.096), 2)": 0, "((-0.148, 0.124), 0)": 0, "((-0.148, 0.124), 1)": 0, "((-0.148, 0.124), 2)": 0, "((-0.036, 0.18), 0)": 0, "((-0.036, 0.18), 1)": 0, "((-0.036, 0.18), 2)": 0, "((0.3, 0.236), 0)": 0, "((0.3, 0.236), 1)": 0, "((0.3, 0.236), 2)": -10.0, "((0.076, 0.18), 0)": 0, "((0.076, 0.18), 1)": 0, "((0.076, 0.18), 2)": -10.0, "((-0.26, 0.012), 0)": 0, "((-0.26, 0.012), 1)": 0, "((-0.26, 0.012), 2)": 0, "((-0.148, -0.072), 0)": 0, "((-0.148, -0.072), 1)": 0, "((-0.148, -0.072), 2)": 0}