{"((0.3, 1.0), 0)": 0, "((0.3, 1.0), 1)": 0, "((0.3, 1.0), 2)": -1.7300000000000002, "((0.3, 0.92), 0)": 0, "((0.3, 0.92), 1)": 0, "((0.3, 0.92), 2)": 3.0, "((0.3, 0.84), 0)": 0, "((0.3, 0.84), 1)": 0, "((0.3, 0.84), 2)": -10.0, "((0.3, 0.8), 0)": 0, "((0.3, 0.8), 1)": 0, "((0.3, 0.8), 2)": -10.0, "((0.3, 0.72), 0)": 0, "((0.3, 0.72), 1)": 0, "((0.3, 0.72), 2)": 2.2862000000000005, "((0.3, 0.64), 0)": 0, "((0.3, 0.64), 1)": 0, "((0.3, 0.64), 2)": 1.0, "((0.3, 0.52), 0)": 0, "((0.3, 0.52), 1)": 0, "((0.3, 0.52), 2)": -1.8119, "((-1.044, 0.44), 0)": 0, "((-1.044, 0.44), 1)": 0, "((-1.044, 0.44), 2)": 0, "((0.3, 0.88), 0)": 0, "((0.3, 0.88), 1)": 0, "((0.3, 0.88), 2)": 3.2943, "((-1.044, 0.8), 0)": 0, "((-1.044, 0.8), 1)": 0, "((-1.044, 0.8), 2)": 0, "((-1.044, 1.0), 0)": 0, "((-1.044, 1.0), 1)": 0, "((-1.044, 1.0), 2)": 0, "((-1.044, 0.68), 0)": 0, "((-1.044, 0.68), 1)": 0, "((-1.044, 0.68), 2)": 0, "((-1.044, 0.76), 0)": 0, "((-1.044, 0.76), 1)": 0, "((-1.044, 0.76), 2)": 0, "((-1.044, 0.88), 0)": 0, "((-1.044, 0.88), 1)": 0, "((-1.044, 0.88), 2)": 0, "((0.3, 1.08), 0)": 0, "((0.3, 1.08), 1)": 0, "((0.3, 1.08), 2)": 3.1962, "((-1.044, 0.92), 0)": 0, "((-1.044, 0.92), 1)": 0, "((-1.044, 0.92), 2)": 0, "((0.3, 0.96), 0)": 0, "((0.3, 0.96), 1)": 0, "((0.3, 0.96), 2)": -10.0, "((0.3, 0.76), 0)": 0, "((0.3, 0.76), 1)": 0, "((0.3, 0.76), 2)": 1.0, "((0.3, 0.68), 0)": 0, "((0.3, 0.68), 1)": 0, "((0.3, 0.68), 2)": 2.198387, "((0.3, 0.6), 0)": 0, "((0.3, 0.6), 1)": 0, "((0.3, 0.6), 2)": 1.29668383, "((0.3, 0.44), 0)": 0, "((0.3, 0.44), 1)": 0, "((0.3, 0.44), 2)": 2.0, "((0.3, 0.36), 0)": 0, "((0.3, 0.36), 1)": 0, "((0.3, 0.36), 2)": -10.0, "((0.3, 0.28), 0)": 0, "((0.3, 0.28), 1)": 0, "((0.3, 0.28), 2)": 3.351, "((0.3, 0.2), 0)": 0, "((0.3, 0.2), 1)": 0, "((0.3, 0.2), 2)": 3.0, "((0.3, 0.24), 0)": 0, "((0.3, 0.24), 1)": 0, "((0.3, 0.24), 2)": 2.27, "((-1.044, 0.16), 0)": 0, "((-1.044, 0.16), 1)": 0, "((-1.044, 0.16), 2)": 0, "((0.3, 0.9), 0)": 0, "((0.3, 0.9), 1)": 0, "((0.3, 0.9), 2)": -10.0, "((0.3, 0.82), 0)": 0, "((0.3, 0.82), 1)": 0, "((0.3, 0.82), 2)": 2.0, "((-0.9, 0.74), 0)": 0, "((-0.9, 0.74), 1)": 0, "((-0.9, 0.74), 2)": 0, "((-1.044, 0.84), 0)": 0, "((-1.044, 0.84), 1)": 0, "((-1.044, 0.84), 2)": 0, "((-0.9, 0.8), 0)": 0, "((-0.9, 0.8), 1)": 0, "((-0.9, 0.8), 2)": 0, "((-1.044, 0.56), 0)": 0, "((-1.044, 0.56), 1)": 0, "((-1.044, 0.56), 2)": 0, "((0.3, 0.66), 0)": 0, "((0.3, 0.66), 1)": 0, "((0.3, 0.66), 2)": 1.2043, "((0.3, 0.58), 0)": 0, "((0.3, 0.58), 1)": 0, "((0.3, 0.58), 2)": -2.0, "((0.3, 0.5), 0)": 0, "((0.3, 0.5), 1)": 0, "((0.3, 0.5), 2)": -1.82, "((-1.044, 0.42), 0)": 0, "((-1.044, 0.42), 1)": 0, "((-1.044, 0.42), 2)": 0, "((-1.044, 0.6), 0)": 0, "((-1.044, 0.6), 1)": 0, "((-1.044, 0.6), 2)": 0, "((0.3, 0.86), 0)": 0, "((0.3, 0.86), 1)": 0, "((0.3, 0.86), 2)": -10.0, "((0.3, 0.94), 0)": 0, "((0.3, 0.94), 1)": 0, "((0.3, 0.94), 2)": -10.0, "((0.3, 0.78), 0)": 0, "((0.3, 0.78), 1)": 0, "((0.3, 0.78), 2)": -10.0, "((-1.044, 0.7), 0)": 0, "((-1.044, 0.7), 1)": 0, "((-1.044, 0.7), 2)": 0, "((0.3, 0.48), 0)": 0, "((0.3, 0.48), 1)": 0, "((0.3, 0.48), 2)": -10.0, "((0.3, 0.4), 0)": 0, "((0.3, 0.4), 1)": 0, "((0.3, 0.4), 2)": 1.2964141, "((0.3, 0.32), 0)": 0, "((0.3, 0.32), 1)": 0, "((0.3, 0.32), 2)": 2.0, "((-0.9, 0.32), 0)": 0, "((-0.9, 0.32), 1)": 0, "((-0.9, 0.32), 2)": 0, "((-1.044, 0.64), 0)": 0, "((-1.044, 0.64), 1)": 0, "((-1.044, 0.64), 2)": 0, "((-0.9, 0.92), 0)": 0, "((-0.9, 0.92), 1)": 0, "((-0.9, 0.92), 2)": 0, "((0.3, 0.56), 0)": 0, "((0.3, 0.56), 1)": 0, "((0.3, 0.56), 2)": -10.0, "((-1.044, 0.36), 0)": 0, "((-1.044, 0.36), 1)": 0, "((-1.044, 0.36), 2)": 0, "((0.3, 1.04), 0)": 0, "((0.3, 1.04), 1)": 0, "((0.3, 1.04), 2)": 2.0, "((-1.044, 0.96), 0)": 0, "((-1.044, 0.96), 1)": 0, "((-1.044, 0.96), 2)": 0, "((-0.9, 0.68), 0)": 0, "((-0.9, 0.68), 1)": 0, "((-0.9, 0.68), 2)": 0, "((-0.9, 1.0), 0)": 0, "((-0.9, 1.0), 1)": 0, "((-0.9, 1.0), 2)": 0, "((-0.9, 0.84), 0)": 0, "((-0.9, 0.84), 1)": 0, "((-0.9, 0.84), 2)": 0, "((-1.044, 0.74), 0)": 0, "((-1.044, 0.74), 1)": 0, "((-1.044, 0.74), 2)": 0, "((-0.9, 0.44), 0)": 0, "((-0.9, 0.44), 1)": 0, "((-0.9, 0.44), 2)": 0, "((-0.9, 0.9), 0)": 0, "((-0.9, 0.9), 1)": 0, "((-0.9, 0.9), 2)": 0, "((-1.044, 0.72), 0)": 0, "((-1.044, 0.72), 1)": 0, "((-1.044, 0.72), 2)": 0, "((-1.044, 0.4), 0)": 0, "((-1.044, 0.4), 1)": 0, "((-1.044, 0.4), 2)": 0, "((-0.9, 0.56), 0)": 0, "((-0.9, 0.56), 1)": 0, "((-0.9, 0.56), 2)": 0, "((-1.044, 0.9), 0)": 0, "((-1.044, 0.9), 1)": 0, "((-1.044, 0.9), 2)": 0, "((0.3, 0.98), 0)": 0, "((0.3, 0.98), 1)": 0, "((0.3, 0.98), 2)": 1.1800000000000002, "((-0.9, 0.64), 0)": 0, "((-0.9, 0.64), 1)": 0, "((-0.9, 0.64), 2)": 0, "((-0.9, 0.88), 0)": 0, "((-0.9, 0.88), 1)": 0, "((-0.9, 0.88), 2)": 0, "((-0.9, 0.24), 0)": 0, "((-0.9, 0.24), 1)": 0, "((-0.9, 0.24), 2)": 0, "((0.3, 0.7), 0)": 0, "((0.3, 0.7), 1)": 0, "((0.3, 0.7), 2)": -1.8023420000000003, "((0.3, 0.62), 0)": 0, "((0.3, 0.62), 1)": 0, "((0.3, 0.62), 2)": -10.0, "((0.3, 0.54), 0)": 0, "((0.3, 0.54), 1)": 0, "((0.3, 0.54), 2)": 3.0, "((0.3, 0.46), 0)": 0, "((0.3, 0.46), 1)": 0, "((0.3, 0.46), 2)": 2.18, "((0.3, 0.38), 0)": 0, "((0.3, 0.38), 1)": 0, "((0.3, 0.38), 2)": 1.1962, "((-0.9, 0.3), 0)": 0, "((-0.9, 0.3), 1)": 0, "((-0.9, 0.3), 2)": 0, "((-0.9, 0.86), 0)": 0, "((-0.9, 0.86), 1)": 0, "((-0.9, 0.86), 2)": 0, "((-1.044, 1.08), 0)": 0, "((-1.044, 1.08), 1)": 0, "((-1.044, 1.08), 2)": 0, "((-1.044, 0.82), 0)": 0, "((-1.044, 0.82), 1)": 0, "((-1.044, 0.82), 2)": 0, "((0.3, 0.42), 0)": 0, "((0.3, 0.42), 1)": 0, "((0.3, 0.42), 2)": 2.27, "((0.3, 0.34), 0)": 0, "((0.3, 0.34), 1)": 0, "((0.3, 0.34), 2)": 3.0, "((0.3, 0.26), 0)": 0, "((0.3, 0.26), 1)": 0, "((0.3, 0.26), 2)": 2.0, "((0.3, 0.18), 0)": 0, "((0.3, 0.18), 1)": 0, "((0.3, 0.18), 2)": 2.261, "((0.3, 0.1), 0)": 0, "((0.3, 0.1), 1)": 0, "((0.3, 0.1), 2)": 10.0, "((-1.044, 0.02), 0)": 0, "((-1.044, 0.02), 1)": 0, "((-1.044, 0.02), 2)": 0, "((-1.044, 0.32), 0)": 0, "((-1.044, 0.32), 1)": 0, "((-1.044, 0.32), 2)": 0, "((0.3, 1.12), 0)": 0, "((0.3, 1.12), 1)": 0, "((0.3, 1.12), 2)": -10.0, "((-1.044, 1.04), 0)": 0, "((-1.044, 1.04), 1)": 0, "((-1.044, 1.04), 2)": 0, "((-1.044, 0.78), 0)": 0, "((-1.044, 0.78), 1)": 0, "((-1.044, 0.78), 2)": 0, "((0.3, 0.74), 0)": 0, "((0.3, 0.74), 1)": 0, "((0.3, 0.74), 2)": 2.09896022, "((-1.044, 0.24), 0)": 0, "((-1.044, 0.24), 1)": 0, "((-1.044, 0.24), 2)": 0, "((-1.044, 0.98), 0)": 0, "((-1.044, 0.98), 1)": 0, "((-1.044, 0.98), 2)": 0, "((-1.044, 0.66), 0)": 0, "((-1.044, 0.66), 1)": 0, "((-1.044, 0.66), 2)": 0, "((-1.044, 0.34), 0)": 0, "((-1.044, 0.34), 1)": 0, "((-1.044, 0.34), 2)": 0, "((-1.044, 0.46), 0)": 0, "((-1.044, 0.46), 1)": 0, "((-1.044, 0.46), 2)": 0, "((0.3, 1.16), 0)": 0, "((0.3, 1.16), 1)": 0, "((0.3, 1.16), 2)": -10.0, "((0.3, 0.3), 0)": 0, "((0.3, 0.3), 1)": 0, "((0.3, 0.3), 2)": 1.0, "((0.3, 0.12), 0)": 0, "((0.3, 0.12), 1)": 0, "((0.3, 0.12), 2)": 2.9000000000000004, "((0.3, 0.04), 0)": 0, "((0.3, 0.04), 1)": 0, "((0.3, 0.04), 2)": -10.0, "((0.3, -0.04), 0)": 0, "((0.3, -0.04), 1)": 0, "((0.3, -0.04), 2)": 0, "((-0.9, 0.72), 0)": 0, "((-0.9, 0.72), 1)": 0, "((-0.9, 0.72), 2)": 0, "((-0.9, 0.48), 0)": 0, "((-0.9, 0.48), 1)": 0, "((-0.9, 0.48), 2)": 0, "((-0.9, 0.96), 0)": 0, "((-0.9, 0.96), 1)": 0, "((-0.9, 0.96), 2)": 0, "((0.3, 0.16), 0)": 0, "((0.3, 0.16), 1)": 0, "((0.3, 0.16), 2)": 3.9000000000000004, "((0.3, 0.08), 0)": 0, "((0.3, 0.08), 1)": 0, "((0.3, 0.08), 2)": -1.82, "((-1.044, 0.0), 0)": 0, "((-1.044, 0.0), 1)": 0, "((-1.044, 0.0), 2)": 0, "((-1.044, 0.54), 0)": 0, "((-1.044, 0.54), 1)": 0, "((-1.044, 0.54), 2)": 0, "((-0.9, 0.6), 0)": 0, "((-0.9, 0.6), 1)": 0, "((-0.9, 0.6), 2)": 0, "((-1.044, 0.52), 0)": 0, "((-1.044, 0.52), 1)": 0, "((-1.044, 0.52), 2)": 0, "((0.3, 1.06), 0)": 0, "((0.3, 1.06), 1)": 0, "((0.3, 1.06), 2)": -2.0, "((-1.044, 0.86), 0)": 0, "((-1.044, 0.86), 1)": 0, "((-1.044, 0.86), 2)": 0, "((-1.044, 0.48), 0)": 0, "((-1.044, 0.48), 1)": 0, "((-1.044, 0.48), 2)": 0,