{"((0.3, 0.24), 0)": 0, "((0.3, 0.24), 1)": 0, "((0.3, 0.24), 2)": 3.4000000000000004, "((0.204, 0.14), 0)": 0, "((0.204, 0.14), 1)": 0, "((0.204, 0.14), 2)": 10.0, "((0.108, 0.04), 0)": 0, "((0.108, 0.04), 1)": 0, "((0.108, 0.04), 2)": -10.0, "((0.012, -0.06), 0)": 0, "((0.012, -0.06), 1)": 0, "((0.012, -0.06), 2)": 0, "((0.12, 0.24), 0)": 0, "((0.12, 0.24), 1)": 0, "((0.12, 0.24), 2)": -10.0, "((-0.06, 0.14), 0)": 0, "((-0.06, 0.14), 1)": 0, "((-0.06, 0.14), 2)": 0, "((0.108, -0.008), 0)": 0, "((0.108, -0.008), 1)": 0, "((0.108, -0.008), 2)": 0, "((0.204, 0.092), 0)": 0, "((0.204, 0.092), 1)": 0, "((0.204, 0.092), 2)": 10.0, "((0.024, -0.008), 0)": 0, "((0.024, -0.008), 1)": 0, "((0.024, -0.008), 2)": 0, "((0.12, 0.092), 0)": 0, "((0.12, 0.092), 1)": 0, "((0.12, 0.092), 2)": -10.0, "((0.12, -0.008), 0)": 0, "((0.12, -0.008), 1)": 0, "((0.12, -0.008), 2)": 0, "((0.024, -0.056), 0)": 0, "((0.024, -0.056), 1)": 0, "((0.024, -0.056), 2)": 0, "((0.108, 0.092), 0)": 0, "((0.108, 0.092), 1)": 0, "((0.108, 0.092), 2)": -1.5, "((-0.06, -0.056), 0)": 0, "((-0.06, -0.056), 1)": 0, "((-0.06, -0.056), 2)": 0, "((0.12, 0.14), 0)": 0, "((0.12, 0.14), 1)": 0, "((0.12, 0.14), 2)": 10.0, "((0.12, 0.04), 0)": 0, "((0.12, 0.04), 1)": 0, "((0.12, 0.04), 2)": 10.0, "((0.024, -0.06), 0)": 0, "((0.024, -0.06), 1)": 0, "((0.024, -0.06), 2)": 0, "((0.12, 0.116), 0)": 0, "((0.12, 0.116), 1)": 0, "((0.12, 0.116), 2)": 0.1, "((0.12, 0.016), 0)": 0, "((0.12, 0.016), 1)": 0, "((0.12, 0.016), 2)": -10.0, "((0.024, -0.084), 0)": 0, "((0.024, -0.084), 1)": 0, "((0.024, -0.084), 2)": 0, "((0.204, -0.008), 0)": 0, "((0.204, -0.008), 1)": 0, "((0.204, -0.008), 2)": 0, "((0.3, 0.092), 0)": 0, "((0.3, 0.092), 1)": 0, "((0.3, 0.092), 2)": 10.0, "((0.024, 0.092), 0)": 0, "((0.024, 0.092), 1)": 0, "((0.024, 0.092), 2)": -10.0, "((-0.156, -0.056), 0)": 0, "((-0.156, -0.056), 1)": 0, "((-0.156, -0.056), 2)": 0, "((0.024, 0.14), 0)": 0, "((0.024, 0.14), 1)": 0, "((0.024, 0.14), 2)": 2.5, "((-0.072, 0.04), 0)": 0, "((-0.072, 0.04), 1)": 0, "((-0.072, 0.04), 2)": 0, "((0.204, -0.056), 0)": 0, "((0.204, -0.056), 1)": 0, "((0.204, -0.056), 2)": 0, "((-0.072, -0.008), 0)": 0, "((-0.072, -0.008), 1)": 0, "((-0.072, -0.008), 2)": 0, "((0.108, -0.056), 0)": 0, "((0.108, -0.056), 1)": 0, "((0.108, -0.056), 2)": 0, "((0.204, 0.24), 0)": 0, "((0.204, 0.24), 1)": 0, "((0.204, 0.24), 2)": 0.7000000000000001, "((-0.06, -0.008), 0)": 0, "((-0.06, -0.008), 1)": 0, "((-0.06, -0.008), 2)": 0, "((-0.06, 0.04), 0)": 0, "((-0.06, 0.04), 1)": 0, "((-0.06, 0.04), 2)": 0, "((-0.06, 0.116), 0)": 0, "((-0.06, 0.116), 1)": 0, "((-0.06, 0.116), 2)": 0, "((0.012, -0.108), 0)": 0, "((0.012, -0.108), 1)": 0, "((0.012, -0.108), 2)": 0, "((-0.156, -0.008), 0)": 0, "((-0.156, -0.008), 1)": 0, "((-0.156, -0.008), 2)": 0, "((0.108, 0.14), 0)": 0, "((0.108, 0.14), 1)": 0, "((0.108, 0.14), 2)": 4.0, "((0.012, 0.04), 0)": 0, "((0.012, 0.04), 1)": 0, "((0.012, 0.04), 2)": -10.0, "((-0.168, -0.06), 0)": 0, "((-0.168, -0.06), 1)": 0, "((-0.168, -0.06), 2)": 0, "((-0.06, 0.24), 0)": 0, "((-0.06, 0.24), 1)": 0, "((-0.06, 0.24), 2)": 0, "((-0.156, 0.14), 0)": 0, "((-0.156, 0.14), 1)": 0, "((-0.156, 0.14), 2)": 0, "((0.012, -0.084), 0)": 0, "((0.012, -0.084), 1)": 0, "((0.012, -0.084), 2)": 0, "((0.024, 0.24), 0)": 0, "((0.024, 0.24), 1)": 0, "((0.024, 0.24), 2)": -10.0, "((0.012, 0.14), 0)": 0, "((0.012, 0.14), 1)": 0, "((0.012, 0.14), 2)": -10.0, "((-0.168, 0.04), 0)": 0, "((-0.168, 0.04), 1)": 0, "((-0.168, 0.04), 2)": 0, "((0.12, -0.056), 0)": 0, "((0.12, -0.056), 1)": 0, "((0.12, -0.056), 2)": 0, "((0.3, 0.14), 0)": 0, "((0.3, 0.14), 1)": 0, "((0.3, 0.14), 2)": 10.0, "((-0.06, -0.06), 0)": 0, "((-0.06, -0.06), 1)": 0, "((-0.06, -0.06), 2)": 0, "((-0.06, 0.092), 0)": 0, "((-0.06, 0.092), 1)": 0, "((-0.06, 0.092), 2)": 0, "((0.3, 0.04), 0)": 0, "((0.3, 0.04), 1)": 0, "((0.3, 0.04), 2)": 10.0, "((0.12, -0.06), 0)": 0, "((0.12, -0.06), 1)": 0, "((0.12, -0.06), 2)": 0, "((-0.072, -0.056), 0)": 0, "((-0.072, -0.056), 1)": 0, "((-0.072, -0.056), 2)": 0, "((0.108, 0.24), 0)": 0, "((0.108, 0.24), 1)": 0, "((0.108, 0.24), 2)": -10.0, "((0.012, 0.092), 0)": 0, "((0.012, 0.092), 1)": 0, "((0.012, 0.092), 2)": 10.0, "((-0.168, -0.008), 0)": 0, "((-0.168, -0.008), 1)": 0, "((-0.168, -0.008), 2)": 0, "((0.024, 0.016), 0)": 0, "((0.024, 0.016), 1)": 0, "((0.024, 0.016), 2)": -10.0, "((0.3, 0.116), 0)": 0, "((0.3, 0.116), 1)": 0, "((0.3, 0.116), 2)": 10.0, "((-0.084, -0.008), 0)": 0, "((-0.084, -0.008), 1)": 0, "((-0.084, -0.008), 2)": 0, "((0.024, 0.04), 0)": 0, "((0.024, 0.04), 1)": 0, "((0.024, 0.04), 2)": -10.0, "((-0.072, -0.108), 0)": 0, "((-0.072, -0.108), 1)": 0, "((-0.072, -0.108), 2)": 0, "((-0.156, -0.06), 0)": 0, "((-0.156, -0.06), 1)": 0, "((-0.156, -0.06), 2)": 0, "((0.3, -0.056), 0)": 0, "((0.3, -0.056), 1)": 0, "((0.3, -0.056), 2)": 0, "((0.3, -0.008), 0)": 0, "((0.3, -0.008), 1)": 0, "((0.3, -0.008), 2)": 0, "((-0.06, 0.016), 0)": 0, "((-0.06, 0.016), 1)": 0, "((-0.06, 0.016), 2)": 0, "((0.204, -0.032), 0)": 0, "((0.204, -0.032), 1)": 0, "((0.204, -0.032), 2)": 0, "((-0.156, 0.092), 0)": 0, "((-0.156, 0.092), 1)": 0, "((-0.156, 0.092), 2)": 0, "((-0.156, 0.04), 0)": 0, "((-0.156, 0.04), 1)": 0, "((-0.156, 0.04), 2)": 0, "((-0.072, -0.06), 0)": 0, "((-0.072, -0.06), 1)": 0, "((-0.072, -0.06), 2)": 0, "((0.204, 0.04), 0)": 0, "((0.204, 0.04), 1)": 0, "((0.204, 0.04), 2)": -1.5, "((0.204, -0.06), 0)": 0, "((0.204, -0.06), 1)": 0, "((0.204, -0.06), 2)": 0, "((0.024, -0.108), 0)": 0, "((0.024, -0.108), 1)": 0, "((0.024, -0.108), 2)": 0, "((0.108, -0.108), 0)": 0, "((0.108, -0.108), 1)": 0, "((0.108, -0.108), 2)": 0, "((0.204, -0.108), 0)": 0, "((0.204, -0.108), 1)": 0, "((0.204, -0.108), 2)": 0, "((-0.072, -0.132), 0)": 0, "((-0.072, -0.132), 1)": 0, "((-0.072, -0.132), 2)": 0, "((0.012, -0.008), 0)": 0, "((0.012, -0.008), 1)": 0, "((0.012, -0.008), 2)": 0, "((0.108, -0.032), 0)": 0, "((0.108, -0.032), 1)": 0, "((0.108, -0.032), 2)": 0, "((-0.072, 0.14), 0)": 0, "((-0.072, 0.14), 1)": 0, "((-0.072, 0.14), 2)": 0, "((0.204, 0.016), 0)": 0, "((0.204, 0.016), 1)": 0, "((0.204, 0.016), 2)": 10.0, "((-0.06, -0.032), 0)": 0, "((-0.06, -0.032), 1)": 0, "((-0.06, -0.032), 2)": 0, "((0.12, -0.108), 0)": 0, "((0.12, -0.108), 1)": 0, "((0.12, -0.108), 2)": 0, "((0.12, -0.132), 0)": 0, "((0.12, -0.132), 1)": 0, "((0.12, -0.132), 2)": 0, "((0.204, 0.116), 0)": 0, "((0.204, 0.116), 1)": 0, "((0.204, 0.116), 2)": 10.0, "((0.108, 0.016), 0)": 0, "((0.108, 0.016), 1)": 0, "((0.108, 0.016), 2)": -10.0, "((0.12, -0.032), 0)": 0, "((0.12, -0.032), 1)": 0, "((0.12, -0.032), 2)": 0, "((0.024, -0.032), 0)": 0, "((0.024, -0.032), 1)": 0, "((0.024, -0.032), 2)": 0, "((-0.06, -0.132), 0)": 0, "((-0.06, -0.132), 1)": 0, "((-0.06, -0.132), 2)": 0, "((-0.072, 0.016), 0)": 0, "((-0.072, 0.016), 1)": 0, "((-0.072, 0.016), 2)": 0, "((0.3, -0.108), 0)": 0, "((0.3, -0.108), 1)": 0, "((0.3, -0.108), 2)": 0, "((-0.156, -0.084), 0)": 0, "((-0.156, -0.084), 1)": 0, "((-0.156, -0.084), 2)": 0, "((-0.156, -0.108), 0)": 0, "((-0.156, -0.108), 1)": 0, "((-0.156, -0.108), 2)": 0, "((-0.06, -0.108), 0)": 0, "((-0.06, -0.108), 1)": 0, "((-0.06, -0.108), 2)": 0, "((0.024, 0.116), 0)": 0, "((0.024, 0.116), 1)": 0, "((0.024, 0.116), 2)": -10.0, "((-0.156, 0.016), 0)": 0, "((-0.156, 0.016), 1)": 0, "((-0.156, 0.016), 2)": 0, "((-0.072, 0.092), 0)": 0, "((-0.072, 0.092), 1)": 0, "((-0.072, 0.092), 2)": 0, "((0.108, -0.06), 0)": 0, "((0.108, -0.06), 1)": 0, "((0.108, -0.06), 2)": 0, "((0.012, 0.24), 0)": 0, "((0.012, 0.24), 1)": 0, "((0.012, 0.24), 2)": -10.0, "((-0.084, 0.04), 0)": 0, "((-0.084, 0.04), 1)": 0, "((-0.084, 0.04), 2)": 0, "((0.012, -0.056), 0)": 0, "((0.012, -0.056), 1)": 0, "((0.012, -0.056), 2)": 0, "((-0.084, -0.108), 0)": 0, "((-0.084, -0.108), 1)": 0, "((-0.084, -0.108), 2)": 0, "((-0.156, -0.032), 0)": 0, "((-0.156, -0.032), 1)": 0, "((-0.156, -0.032), 2)": 0, "((0.108, -0.084), 0)": 0, "((0.108, -0.084), 1)": 0, "((0.108, -0.084), 2)": 0, "((0.3, 0.016), 0)": 0,