{"((0.6, 0.4), 0)": 0, "((0.6, 0.4), 1)": 0, "((0.6, 0.4), 2)": 0, "((0.6, 0.4), 3)": -3.9000000000000004, "((0.516, 0.4), 0)": 0, "((0.516, 0.4), 1)": 0, "((0.516, 0.4), 2)": 0, "((0.516, 0.4), 3)": -3.9000000000000004, "((0.432, 0.4), 0)": 0, "((0.432, 0.4), 1)": 0, "((0.432, 0.4), 2)": 0, "((0.432, 0.4), 3)": -3.0, "((0.276, -0.4), 0)": 0, "((0.276, -0.4), 1)": 0, "((0.276, -0.4), 2)": 0, "((0.276, -0.4), 3)": 0, "((0.516, -0.8), 0)": 0, "((0.516, -0.8), 1)": 0, "((0.516, -0.8), 2)": 0, "((0.516, -0.8), 3)": 0, "((0.444, 0.4), 0)": 0, "((0.444, 0.4), 1)": 0, "((0.444, 0.4), 2)": 0, "((0.444, 0.4), 3)": -2.1, "((0.36, 0.4), 0)": 0, "((0.36, 0.4), 1)": 0, "((0.36, 0.4), 2)": 0, "((0.36, 0.4), 3)": -3.0, "((0.276, 0.4), 0)": 0, "((0.276, 0.4), 1)": 0, "((0.276, 0.4), 2)": 0, "((0.276, 0.4), 3)": -3.9000000000000004, "((0.192, 0.4), 0)": 0, "((0.192, 0.4), 1)": 0, "((0.192, 0.4), 2)": 0, "((0.192, 0.4), 3)": 10.0, "((0.036, 0.4), 0)": 0, "((0.036, 0.4), 1)": 0, "((0.036, 0.4), 2)": 0, "((0.036, 0.4), 3)": -10.0, "((-0.12, 0.4), 0)": 0, "((-0.12, 0.4), 1)": 0, "((-0.12, 0.4), 2)": 0, "((-0.12, 0.4), 3)": 0, "((0.348, -0.8), 0)": 0, "((0.348, -0.8), 1)": 0, "((0.348, -0.8), 2)": 0, "((0.348, -0.8), 3)": 0, "((0.204, 0.4), 0)": 0, "((0.204, 0.4), 1)": 0, "((0.204, 0.4), 2)": 0, "((0.204, 0.4), 3)": 10.0, "((0.048, 0.4), 0)": 0, "((0.048, 0.4), 1)": 0, "((0.048, 0.4), 2)": 0, "((0.048, 0.4), 3)": -10.0, "((-0.036, 0.4), 0)": 0, "((-0.036, 0.4), 1)": 0, "((-0.036, 0.4), 2)": 0, "((-0.036, 0.4), 3)": 0, "((0.12, 0.4), 0)": 0, "((0.12, 0.4), 1)": 0, "((0.12, 0.4), 2)": 0, "((0.12, 0.4), 3)": -10.0, "((-0.048, 0.4), 0)": 0, "((-0.048, 0.4), 1)": 0, "((-0.048, 0.4), 2)": 0, "((-0.048, 0.4), 3)": 0, "((0.288, 0.4), 0)": 0, "((0.288, 0.4), 1)": 0, "((0.288, 0.4), 2)": 0, "((0.288, 0.4), 3)": -1.2000000000000002, "((-0.108, 0.4), 0)": 0, "((-0.108, 0.4), 1)": 0, "((-0.108, 0.4), 2)": 0, "((-0.108, 0.4), 3)": 0, "((0.444, -0.8), 0)": 0, "((0.444, -0.8), 1)": 0, "((0.444, -0.8), 2)": 0, "((0.444, -0.8), 3)": 0, "((0.108, 0.4), 0)": 0, "((0.108, 0.4), 1)": 0, "((0.108, 0.4), 2)": 0, "((0.108, 0.4), 3)": -10.0, "((0.024, -0.8), 0)": 0, "((0.024, -0.8), 1)": 0, "((0.024, -0.8), 2)": 0, "((0.024, -0.8), 3)": 0, "((0.132, 0.4), 0)": 0, "((0.132, 0.4), 1)": 0, "((0.132, 0.4), 2)": 0, "((0.132, 0.4), 3)": -10.0, "((-0.024, 0.4), 0)": 0, "((-0.024, 0.4), 1)": 0, "((-0.024, 0.4), 2)": 0, "((-0.024, 0.4), 3)": 0, "((0.348, 0.4), 0)": 0, "((0.348, 0.4), 1)": 0, "((0.348, 0.4), 2)": 0, "((0.348, 0.4), 3)": -3.0, "((0.264, 0.4), 0)": 0, "((0.264, 0.4), 1)": 0, "((0.264, 0.4), 2)": 0, "((0.264, 0.4), 3)": -2.1, "((0.108, -0.4), 0)": 0, "((0.108, -0.4), 1)": 0, "((0.108, -0.4), 2)": 0, "((0.108, -0.4), 3)": 0, "((0.516, -0.4), 0)": 0, "((0.516, -0.4), 1)": 0, "((0.516, -0.4), 2)": 0, "((0.516, -0.4), 3)": 0, "((0.6, -0.8), 0)": 0, "((0.6, -0.8), 1)": 0, "((0.6, -0.8), 2)": 0, "((0.6, -0.8), 3)": 0, "((0.18, 0.4), 0)": 0, "((0.18, 0.4), 1)": 0, "((0.18, 0.4), 2)": 0, "((0.18, 0.4), 3)": -3.0, "((0.096, 0.4), 0)": 0, "((0.096, 0.4), 1)": 0, "((0.096, 0.4), 2)": 0, "((0.096, 0.4), 3)": 10.0, "((0.012, -0.8), 0)": 0, "((0.012, -0.8), 1)": 0, "((0.012, -0.8), 2)": 0, "((0.012, -0.8), 3)": 0, "((0.024, 0.4), 0)": 0, "((0.024, 0.4), 1)": 0, "((0.024, 0.4), 2)": 0, "((0.024, 0.4), 3)": 10.0, "((-0.132, 0.4), 0)": 0, "((-0.132, 0.4), 1)": 0, "((-0.132, 0.4), 2)": 0, "((-0.132, 0.4), 3)": 0, "((0.036, -0.4), 0)": 0, "((0.036, -0.4), 1)": 0, "((0.036, -0.4), 2)": 0, "((0.036, -0.4), 3)": 0, "((0.12, -0.8), 0)": 0, "((0.12, -0.8), 1)": 0, "((0.12, -0.8), 2)": 0, "((0.12, -0.8), 3)": 0, "((0.204, -0.4), 0)": 0, "((0.204, -0.4), 1)": 0, "((0.204, -0.4), 2)": 0, "((0.204, -0.4), 3)": 0, "((0.204, -0.8), 0)": 0, "((0.204, -0.8), 1)": 0, "((0.204, -0.8), 2)": 0, "((0.204, -0.8), 3)": 0, "((0.276, -0.8), 0)": 0, "((0.276, -0.8), 1)": 0, "((0.276, -0.8), 2)": 0, "((0.276, -0.8), 3)": 0, "((0.36, -0.8), 0)": 0, "((0.36, -0.8), 1)": 0, "((0.36, -0.8), 2)": 0, "((0.36, -0.8), 3)": 0, "((0.288, -0.8), 0)": 0, "((0.288, -0.8), 1)": 0, "((0.288, -0.8), 2)": 0, "((0.288, -0.8), 3)": 0, "((-0.036, -0.8), 0)": 0, "((-0.036, -0.8), 1)": 0, "((-0.036, -0.8), 2)": 0, "((-0.036, -0.8), 3)": 0, "((0.36, -0.4), 0)": 0, "((0.36, -0.4), 1)": 0, "((0.36, -0.4), 2)": 0, "((0.36, -0.4), 3)": 0, "((0.432, -0.8), 0)": 0, "((0.432, -0.8), 1)": 0, "((0.432, -0.8), 2)": 0, "((0.432, -0.8), 3)": 0, "((0.264, -0.8), 0)": 0, "((0.264, -0.8), 1)": 0, "((0.264, -0.8), 2)": 0, "((0.264, -0.8), 3)": 0, "((0.192, -0.8), 0)": 0, "((0.192, -0.8), 1)": 0, "((0.192, -0.8), 2)": 0, "((0.192, -0.8), 3)": 0, "((0.444, -0.4), 0)": 0, "((0.444, -0.4), 1)": 0, "((0.444, -0.4), 2)": 0, "((0.444, -0.4), 3)": 0, "((0.132, -0.8), 0)": 0, "((0.132, -0.8), 1)": 0, "((0.132, -0.8), 2)": 0, "((0.132, -0.8), 3)": 0, "((0.432, -0.4), 0)": 0, "((0.432, -0.4), 1)": 0, "((0.432, -0.4), 2)": 0, "((0.432, -0.4), 3)": 0, "((0.6, -0.4), 0)": 0, "((0.6, -0.4), 1)": 0, "((0.6, -0.4), 2)": 0, "((0.6, -0.4), 3)": 0, "((0.036, -0.8), 0)": 0, "((0.036, -0.8), 1)": 0, "((0.036, -0.8), 2)": 0, "((0.036, -0.8), 3)": 0, "((0.288, -0.4), 0)": 0, "((0.288, -0.4), 1)": 0, "((0.288, -0.4), 2)": 0, "((0.288, -0.4), 3)": 0, "((0.12, -0.4), 0)": 0, "((0.12, -0.4), 1)": 0, "((0.12, -0.4), 2)": 0, "((0.12, -0.4), 3)": 0, "((-0.06, 0.4), 0)": 0, "((-0.06, 0.4), 1)": 0, "((-0.06, 0.4), 2)": 0, "((-0.06, 0.4), 3)": 0, "((-0.12, -0.8), 0)": 0, "((-0.12, -0.8), 1)": 0, "((-0.12, -0.8), 2)": 0, "((-0.12, -0.8), 3)": 0, "((0.132, -0.4), 0)": 0, "((0.132, -0.4), 1)": 0, "((0.132, -0.4), 2)": 0, "((0.132, -0.4), 3)": 0, "((0.048, -0.8), 0)": 0, "((0.048, -0.8), 1)": 0, "((0.048, -0.8), 2)": 0, "((0.048, -0.8), 3)": 0, "((-0.048, -0.8), 0)": 0, "((-0.048, -0.8), 1)": 0, "((-0.048, -0.8), 2)": 0, "((-0.048, -0.8), 3)": 0, "((0.192, -0.4), 0)": 0, "((0.192, -0.4), 1)": 0, "((0.192, -0.4), 2)": 0, "((0.192, -0.4), 3)": 0, "((-0.108, -0.4), 0)": 0, "((-0.108, -0.4), 1)": 0, "((-0.108, -0.4), 2)": 0, "((-0.108, -0.4), 3)": 0, "((-0.036, -0.4), 0)": 0, "((-0.036, -0.4), 1)": 0, "((-0.036, -0.4), 2)": 0, "((-0.036, -0.4), 3)": 0, "((0.048, -0.4), 0)": 0, "((0.048, -0.4), 1)": 0, "((0.048, -0.4), 2)": 0, "((0.048, -0.4), 3)": 0, "((0.096, -0.8), 0)": 0, "((0.096, -0.8), 1)": 0, "((0.096, -0.8), 2)": 0, "((0.096, -0.8), 3)": 0, "((0.108, -0.8), 0)": 0, "((0.108, -0.8), 1)": 0, "((0.108, -0.8), 2)": 0, "((0.108, -0.8), 3)": 0, "((0.264, -0.4), 0)": 0, "((0.264, -0.4), 1)": 0, "((0.264, -0.4), 2)": 0, "((0.264, -0.4), 3)": 0, "((-0.024, -0.8), 0)": 0, "((-0.024, -0.8), 1)": 0, "((-0.024, -0.8), 2)": 0, "((-0.024, -0.8), 3)": 0, "((0.18, -0.8), 0)": 0, "((0.18, -0.8), 1)": 0, "((0.18, -0.8), 2)": 0, "((0.18, -0.8), 3)": 0, "((0.348, -0.4), 0)": 0, "((0.348, -0.4), 1)": 0, "((0.348, -0.4), 2)": 0, "((0.348, -0.4), 3)": 0, "((-0.108, -0.8), 0)": 0, "((-0.108, -0.8), 1)": 0, "((-0.108, -0.8), 2)": 0, "((-0.108, -0.8), 3)": 0, "((-0.048, -0.4), 0)": 0, "((-0.048, -0.4), 1)": 0, "((-0.048, -0.4), 2)": 0, "((-0.048, -0.4), 3)": 0, "((-0.12, -0.4), 0)": 0, "((-0.12, -0.4), 1)": 0, "((-0.12, -0.4), 2)": 0, "((-0.12, -0.4), 3)": 0, "((-0.024, -0.4), 0)": 0, "((-0.024, -0.4), 1)": 0, "((-0.024, -0.4), 2)": 0, "((-0.024, -0.4), 3)": 0, "((-0.06, -0.4), 0)": 0, "((-0.06, -0.4), 1)": 0, "((-0.06, -0.4), 2)": 0, "((-0.06, -0.4), 3)": 0, "((-0.06, -0.8), 0)": 0, "((-0.06, -0.8), 1)": 0, "((-0.06, -0.8), 2)": 0, "((-0.06, -0.8), 3)": 0, "((0.012, 0.4), 0)": 0, "((0.012, 0.4), 1)": 0, "((0.012, 0.4), 2)": 0, "((0.012, 0.4), 3)": 10.0, "((-0.072, 0.4), 0)": 0, "((-0.072, 0.4), 1)": 0, "((-0.072, 0.4), 2)": 0, "((-0.072, 0.4), 3)": 0, "((0.012, -0.4), 0)": 0, "((0.012, -0.4), 1)": 0, "((0.012, -0.4), 2)": 0, "((0.012, -0.4), 3)": 0, "((0.024, -0.4), 0)": 0, "((0.024, -0.4), 1)": 0, "((0.024, -0.4), 2)": 0, "((0.024, -0.4), 3)": 0}