{"((0.24, 0.3), 0)": 0, "((0.24, 0.3), 1)": -1.3, "((0.14, 0.204), 0)": 0, "((0.14, 0.204), 1)": -0.1, "((0.04, 0.108), 0)": 0, "((0.04, 0.108), 1)": -10.0, "((-0.108, 0.012), 0)": 0, "((-0.108, 0.012), 1)": 0, "((0.116, 0.204), 0)": 0, "((0.116, 0.204), 1)": -10.0, "((-0.032, 0.108), 0)": 0, "((-0.032, 0.108), 1)": 0, "((0.092, 0.204), 0)": 0, "((0.092, 0.204), 1)": -10.0, "((-0.032, 0.204), 0)": 0, "((-0.032, 0.204), 1)": 0, "((0.116, 0.3), 0)": 0, "((0.116, 0.3), 1)": -10.0, "((-0.008, 0.204), 0)": 0, "((-0.008, 0.204), 1)": 0, "((-0.008, 0.108), 0)": 0, "((-0.008, 0.108), 1)": 0, "((0.24, 0.204), 0)": 0, "((0.24, 0.204), 1)": -3.7, "((0.14, 0.108), 0)": 0, "((0.14, 0.108), 1)": -0.1, "((0.04, 0.012), 0)": 0, "((0.04, 0.012), 1)": -10.0, "((-0.084, -0.084), 0)": 0, "((-0.084, -0.084), 1)": 0, "((0.24, 0.12), 0)": 0, "((0.24, 0.12), 1)": 10.0, "((0.116, 0.024), 0)": 0, "((0.116, 0.024), 1)": 10.0, "((0.116, -0.072), 0)": 0, "((0.116, -0.072), 1)": 0, "((0.14, 0.12), 0)": 0, "((0.14, 0.12), 1)": -0.7000000000000001, "((0.016, -0.06), 0)": 0, "((0.016, -0.06), 1)": 0, "((0.04, -0.06), 0)": 0, "((0.04, -0.06), 1)": 0, "((0.116, 0.12), 0)": 0, "((0.116, 0.12), 1)": -0.1, "((-0.008, 0.024), 0)": 0, "((-0.008, 0.024), 1)": 0, "((-0.008, 0.12), 0)": 0, "((-0.008, 0.12), 1)": 0, "((0.092, 0.12), 0)": 0, "((0.092, 0.12), 1)": 2.4000000000000004, "((0.092, 0.024), 0)": 0, "((0.092, 0.024), 1)": -10.0, "((-0.008, -0.072), 0)": 0, "((-0.008, -0.072), 1)": 0, "((-0.032, 0.024), 0)": 0, "((-0.032, 0.024), 1)": 0, "((-0.056, 0.108), 0)": 0, "((-0.056, 0.108), 1)": 0, "((0.14, 0.024), 0)": 0, "((0.14, 0.024), 1)": -10.0, "((0.04, -0.072), 0)": 0, "((0.04, -0.072), 1)": 0, "((0.116, 0.108), 0)": 0, "((0.116, 0.108), 1)": -10.0, "((-0.008, 0.012), 0)": 0, "((-0.008, 0.012), 1)": 0, "((0.092, 0.3), 0)": 0, "((0.092, 0.3), 1)": -10.0, "((-0.056, 0.204), 0)": 0, "((-0.056, 0.204), 1)": 0, "((0.14, 0.3), 0)": 0, "((0.14, 0.3), 1)": -3.1, "((0.016, 0.204), 0)": 0, "((0.016, 0.204), 1)": -10.0, "((-0.084, 0.108), 0)": 0, "((-0.084, 0.108), 1)": 0, "((-0.032, 0.012), 0)": 0, "((-0.032, 0.012), 1)": 0, "((0.016, 0.108), 0)": 0, "((0.016, 0.108), 1)": -10.0, "((-0.132, 0.012), 0)": 0, "((-0.132, 0.012), 1)": 0, "((-0.108, 0.108), 0)": 0, "((-0.108, 0.108), 1)": 0, "((0.04, 0.3), 0)": 0, "((0.04, 0.3), 1)": -10.0, "((-0.06, 0.204), 0)": 0, "((-0.06, 0.204), 1)": 0, "((0.092, 0.108), 0)": 0, "((0.092, 0.108), 1)": -10.0, "((-0.108, -0.072), 0)": 0, "((-0.108, -0.072), 1)": 0, "((-0.084, 0.012), 0)": 0, "((-0.084, 0.012), 1)": 0, "((-0.008, -0.156), 0)": 0, "((-0.008, -0.156), 1)": 0, "((0.04, 0.024), 0)": 0, "((0.04, 0.024), 1)": -10.0, "((-0.06, -0.072), 0)": 0, "((-0.06, -0.072), 1)": 0, "((-0.008, -0.06), 0)": 0, "((-0.008, -0.06), 1)": 0, "((-0.056, 0.024), 0)": 0, "((-0.056, 0.024), 1)": 0, "((0.04, 0.204), 0)": 0, "((0.04, 0.204), 1)": -10.0, "((-0.108, 0.204), 0)": 0, "((-0.108, 0.204), 1)": 0, "((0.016, 0.12), 0)": 0, "((0.016, 0.12), 1)": -10.0, "((-0.132, 0.024), 0)": 0, "((-0.132, 0.024), 1)": 0, "((-0.084, -0.072), 0)": 0, "((-0.084, -0.072), 1)": 0, "((-0.032, -0.06), 0)": 0, "((-0.032, -0.06), 1)": 0, "((-0.06, 0.012), 0)": 0, "((-0.06, 0.012), 1)": 0, "((0.016, 0.024), 0)": 0, "((0.016, 0.024), 1)": -10.0, "((-0.108, 0.024), 0)": 0, "((-0.108, 0.024), 1)": 0, "((-0.008, 0.3), 0)": 0, "((-0.008, 0.3), 1)": 0, "((0.016, -0.072), 0)": 0, "((0.016, -0.072), 1)": 0, "((-0.084, 0.204), 0)": 0, "((-0.084, 0.204), 1)": 0, "((-0.032, -0.156), 0)": 0, "((-0.032, -0.156), 1)": 0, "((-0.132, 0.12), 0)": 0, "((-0.132, 0.12), 1)": 0, "((-0.032, -0.072), 0)": 0, "((-0.032, -0.072), 1)": 0, "((-0.084, 0.024), 0)": 0, "((-0.084, 0.024), 1)": 0, "((-0.132, -0.072), 0)": 0, "((-0.132, -0.072), 1)": 0, "((0.116, 0.012), 0)": 0, "((0.116, 0.012), 1)": -10.0, "((-0.032, -0.084), 0)": 0, "((-0.032, -0.084), 1)": 0, "((-0.056, 0.012), 0)": 0, "((-0.056, 0.012), 1)": 0, "((-0.032, 0.3), 0)": 0, "((-0.032, 0.3), 1)": 0, "((-0.132, 0.204), 0)": 0, "((-0.132, 0.204), 1)": 0, "((0.016, 0.3), 0)": 0, "((0.016, 0.3), 1)": -10.0, "((-0.06, 0.108), 0)": 0, "((-0.06, 0.108), 1)": 0, "((0.04, 0.12), 0)": 0, "((0.04, 0.12), 1)": -10.0, "((-0.06, 0.024), 0)": 0, "((-0.06, 0.024), 1)": 0, "((0.092, -0.072), 0)": 0, "((0.092, -0.072), 1)": 0, "((0.092, 0.012), 0)": 0, "((0.092, 0.012), 1)": -10.0, "((-0.132, 0.108), 0)": 0, "((-0.132, 0.108), 1)": 0, "((-0.032, 0.12), 0)": 0, "((-0.032, 0.12), 1)": 0, "((-0.132, -0.156), 0)": 0, "((-0.132, -0.156), 1)": 0, "((-0.056, -0.072), 0)": 0, "((-0.056, -0.072), 1)": 0, "((-0.056, -0.06), 0)": 0, "((-0.056, -0.06), 1)": 0, "((0.016, -0.156), 0)": 0, "((0.016, -0.156), 1)": 0, "((0.092, -0.06), 0)": 0, "((0.092, -0.06), 1)": 0, "((-0.056, 0.12), 0)": 0, "((-0.056, 0.12), 1)": 0, "((0.016, 0.012), 0)": 0, "((0.016, 0.012), 1)": -10.0, "((0.016, -0.084), 0)": 0, "((0.016, -0.084), 1)": 0, "((0.116, -0.06), 0)": 0, "((0.116, -0.06), 1)": 0, "((-0.084, 0.12), 0)": 0, "((-0.084, 0.12), 1)": 0, "((0.24, 0.108), 0)": 0, "((0.24, 0.108), 1)": 10.0, "((-0.056, 0.3), 0)": 0, "((-0.056, 0.3), 1)": 0, "((-0.132, -0.06), 0)": 0, "((-0.132, -0.06), 1)": 0, "((0.116, -0.156), 0)": 0, "((0.116, -0.156), 1)": 0, "((0.14, -0.06), 0)": 0, "((0.14, -0.06), 1)": 0, "((-0.06, 0.12), 0)": 0, "((-0.06, 0.12), 1)": 0, "((-0.108, -0.168), 0)": 0, "((-0.108, -0.168), 1)": 0, "((-0.108, -0.084), 0)": 0, "((-0.108, -0.084), 1)": 0, "((0.14, 0.012), 0)": 0, "((0.14, 0.012), 1)": -10.0, "((0.016, -0.168), 0)": 0, "((0.016, -0.168), 1)": 0, "((-0.108, -0.06), 0)": 0, "((-0.108, -0.06), 1)": 0, "((-0.06, -0.06), 0)": 0, "((-0.06, -0.06), 1)": 0, "((-0.108, 0.3), 0)": 0, "((-0.108, 0.3), 1)": 0, "((-0.132, -0.168), 0)": 0, "((-0.132, -0.168), 1)": 0, "((0.24, 0.024), 0)": 0, "((0.24, 0.024), 1)": 10.0, "((-0.084, -0.156), 0)": 0, "((-0.084, -0.156), 1)": 0, "((-0.108, 0.12), 0)": 0, "((-0.108, 0.12), 1)": 0, "((0.04, -0.156), 0)": 0, "((0.04, -0.156), 1)": 0, "((-0.108, -0.156), 0)": 0, "((-0.108, -0.156), 1)": 0, "((-0.132, -0.084), 0)": 0, "((-0.132, -0.084), 1)": 0, "((-0.008, -0.084), 0)": 0, "((-0.008, -0.084), 1)": 0, "((-0.06, -0.084), 0)": 0, "((-0.06, -0.084), 1)": 0, "((-0.084, -0.168), 0)": 0, "((-0.084, -0.168), 1)": 0, "((0.24, -0.06), 0)": 0, "((0.24, -0.06), 1)": 0, "((0.14, -0.072), 0)": 0, "((0.14, -0.072), 1)": 0, "((-0.084, 0.3), 0)": 0, "((-0.084, 0.3), 1)": 0, "((-0.084, -0.06), 0)": 0, "((-0.084, -0.06), 1)": 0, "((0.24, -0.156), 0)": 0, "((0.24, -0.156), 1)": 0, "((0.04, -0.084), 0)": 0, "((0.04, -0.084), 1)": 0, "((0.14, -0.156), 0)": 0, "((0.14, -0.156), 1)": 0, "((-0.008, -0.168), 0)": 0, "((-0.008, -0.168), 1)": 0, "((-0.056, -0.156), 0)": 0, "((-0.056, -0.156), 1)": 0, "((0.04, -0.168), 0)": 0, "((0.04, -0.168), 1)": 0, "((-0.132, 0.3), 0)": 0, "((-0.132, 0.3), 1)": 0, "((-0.06, -0.156), 0)": 0, "((-0.06, -0.156), 1)": 0, "((-0.032, -0.168), 0)": 0, "((-0.032, -0.168), 1)": 0, "((0.14, -0.168), 0)": 0, "((0.14, -0.168), 1)": 0, "((0.092, -0.156), 0)": 0, "((0.092, -0.156), 1)": 0, "((0.116, -0.084), 0)": 0, "((0.116, -0.084), 1)": 0, "((-0.056, -0.084), 0)": 0, "((-0.056, -0.084), 1)": 0, "((-0.06, 0.3), 0)": 0, "((-0.06, 0.3), 1)": 0}