{"((0.24, 0.2), 0)": 0, "((0.24, 0.2), 1)": -1.595, "((0.24, 0.28), 0)": 0, "((0.24, 0.28), 1)": 6.5, "((0.24, 0.24), 0)": 0, "((0.24, 0.24), 1)": 4.5, "((0.24, 0.16), 0)": 0, "((0.24, 0.16), 1)": 10.0, "((0.24, 0.04), 0)": 0, "((0.24, 0.04), 1)": -1.1, "((0.24, 0.0), 0)": 0, "((0.24, 0.0), 1)": 0, "((0.24, 0.056), 0)": 0, "((0.24, 0.056), 1)": -2.0, "((0.24, 0.016), 0)": 0, "((0.24, 0.016), 1)": 10.0, "((0.16, 0.016), 0)": 0, "((0.16, 0.016), 1)": -2.0, "((0.16, -0.104), 0)": 0, "((0.16, -0.104), 1)": 0, "((0.24, -0.024), 0)": 0, "((0.24, -0.024), 1)": 0, "((0.16, -0.024), 0)": 0, "((0.16, -0.024), 1)": 0, "((0.24, -0.104), 0)": 0, "((0.24, -0.104), 1)": 0, "((0.24, 0.08), 0)": 0, "((0.24, 0.08), 1)": 1.9000000000000001, "((0.24, -0.04), 0)": 0, "((0.24, -0.04), 1)": 0, "((0.16, 0.056), 0)": 0, "((0.16, 0.056), 1)": -2.0, "((0.16, -0.064), 0)": 0, "((0.16, -0.064), 1)": 0, "((0.16, -0.144), 0)": 0, "((0.16, -0.144), 1)": 0, "((0.16, 0.2), 0)": 0, "((0.16, 0.2), 1)": 10.0, "((0.08, 0.08), 0)": 0, "((0.08, 0.08), 1)": 10.0, "((0.08, -0.04), 0)": 0, "((0.08, -0.04), 1)": 0, "((0.24, 0.136), 0)": 0, "((0.24, 0.136), 1)": 10.0, "((0.24, 0.096), 0)": 0, "((0.24, 0.096), 1)": 10.0, "((0.16, 0.08), 0)": 0, "((0.16, 0.08), 1)": 10.0, "((0.16, -0.04), 0)": 0, "((0.16, -0.04), 1)": 0, "((0.08, 0.2), 0)": 0, "((0.08, 0.2), 1)": -1.9100000000000001, "((0.08, -0.144), 0)": 0, "((0.08, -0.144), 1)": 0, "((0.24, 0.12), 0)": 0, "((0.24, 0.12), 1)": 10.0, "((0.16, 0.12), 0)": 0, "((0.16, 0.12), 1)": 10.0, "((0.16, 0.16), 0)": 0, "((0.16, 0.16), 1)": 10.0, "((0.08, 0.04), 0)": 0, "((0.08, 0.04), 1)": 10.0, "((0.08, -0.08), 0)": 0, "((0.08, -0.08), 1)": 0, "((0.24, 0.216), 0)": 0, "((0.24, 0.216), 1)": 4.5, "((0.24, 0.296), 0)": 0, "((0.24, 0.296), 1)": -1.63064, "((0.24, 0.256), 0)": 0, "((0.24, 0.256), 1)": 4.5, "((0.16, 0.136), 0)": 0, "((0.16, 0.136), 1)": 3.9000000000000004, "((0.16, 0.096), 0)": 0, "((0.16, 0.096), 1)": -2.0, "((0.16, 0.176), 0)": 0, "((0.16, 0.176), 1)": 1.9000000000000001, "((0.16, -0.088), 0)": 0, "((0.16, -0.088), 1)": 0, "((0.16, -0.168), 0)": 0, "((0.16, -0.168), 1)": 0, "((0.24, 0.36), 0)": 0, "((0.24, 0.36), 1)": 3.6, "((0.08, -0.168), 0)": 0, "((0.08, -0.168), 1)": 0, "((0.08, 0.16), 0)": 0, "((0.08, 0.16), 1)": 3.9000000000000004, "((0.08, 0.24), 0)": 0, "((0.08, 0.24), 1)": 1.09, "((0.0, 0.12), 0)": 0, "((0.0, 0.12), 1)": 0, "((0.16, -0.208), 0)": 0, "((0.16, -0.208), 1)": 0, "((0.24, -0.128), 0)": 0, "((0.24, -0.128), 1)": 0, "((0.16, 0.216), 0)": 0, "((0.16, 0.216), 1)": 3.9000000000000004, "((0.08, 0.096), 0)": 0, "((0.08, 0.096), 1)": 10.0, "((0.0, -0.024), 0)": 0, "((0.0, -0.024), 1)": 0, "((0.0, 0.16), 0)": 0, "((0.0, 0.16), 1)": 0, "((0.08, -0.024), 0)": 0, "((0.08, -0.024), 1)": 0, "((0.08, -0.064), 0)": 0, "((0.08, -0.064), 1)": 0, "((0.16, 0.28), 0)": 0, "((0.16, 0.28), 1)": 3.9000000000000004, "((0.08, 0.28), 0)": 0, "((0.08, 0.28), 1)": -10.0, "((0.16, 0.04), 0)": 0, "((0.16, 0.04), 1)": 10.0, "((0.16, 0.0), 0)": 0, "((0.16, 0.0), 1)": 0, "((0.08, -0.184), 0)": 0, "((0.08, -0.184), 1)": 0, "((0.0, 0.04), 0)": 0, "((0.0, 0.04), 1)": 0, "((0.24, -0.088), 0)": 0, "((0.24, -0.088), 1)": 0, "((0.24, -0.168), 0)": 0, "((0.24, -0.168), 1)": 0, "((0.24, -0.144), 0)": 0, "((0.24, -0.144), 1)": 0, "((0.24, -0.064), 0)": 0, "((0.24, -0.064), 1)": 0, "((0.24, -0.208), 0)": 0, "((0.24, -0.208), 1)": 0, "((0.24, -0.008), 0)": 0, "((0.24, -0.008), 1)": 0, "((0.16, 0.072), 0)": 0, "((0.16, 0.072), 1)": 10.0, "((0.16, 0.032), 0)": 0, "((0.16, 0.032), 1)": 10.0, "((0.16, -0.008), 0)": 0, "((0.16, -0.008), 1)": 0, "((0.0, 0.08), 0)": 0, "((0.0, 0.08), 1)": 0, "((0.24, -0.184), 0)": 0, "((0.24, -0.184), 1)": 0, "((0.16, 0.36), 0)": 0, "((0.16, 0.36), 1)": 6.5, "((0.16, 0.44), 0)": 0, "((0.16, 0.44), 1)": 6.5, "((0.16, 0.52), 0)": 0, "((0.16, 0.52), 1)": 1.324, "((0.16, 0.6), 0)": 0, "((0.16, 0.6), 1)": -2.0, "((0.08, 0.48), 0)": 0, "((0.08, 0.48), 1)": 3.3226500000000003, "((0.0, 0.48), 0)": 0, "((0.0, 0.48), 1)": 0, "((0.16, 0.24), 0)": 0, "((0.16, 0.24), 1)": 1.0, "((0.08, 0.12), 0)": 0, "((0.08, 0.12), 1)": 1.0, "((0.16, -0.128), 0)": 0, "((0.16, -0.128), 1)": 0, "((0.16, -0.184), 0)": 0, "((0.16, -0.184), 1)": 0, "((0.08, 0.056), 0)": 0, "((0.08, 0.056), 1)": -2.0, "((0.0, -0.064), 0)": 0, "((0.0, -0.064), 1)": 0, "((0.24, 0.44), 0)": 0, "((0.24, 0.44), 1)": -1.9100000000000001, "((0.16, 0.4), 0)": 0, "((0.16, 0.4), 1)": -1.46684, "((0.16, 0.48), 0)": 0, "((0.16, 0.48), 1)": 3.69, "((0.08, 0.016), 0)": 0, "((0.08, 0.016), 1)": -10.0, "((0.16, -0.048), 0)": 0, "((0.16, -0.048), 1)": 0, "((0.08, -0.088), 0)": 0, "((0.08, -0.088), 1)": 0, "((0.0, -0.04), 0)": 0, "((0.0, -0.04), 1)": 0, "((0.08, 0.216), 0)": 0, "((0.08, 0.216), 1)": 1.324, "((0.08, 0.296), 0)": 0, "((0.08, 0.296), 1)": 6.5, "((0.08, 0.176), 0)": 0, "((0.08, 0.176), 1)": -10.0, "((0.24, 0.32), 0)": 0, "((0.24, 0.32), 1)": -1.6665149000000001, "((0.0, 0.056), 0)": 0, "((0.0, 0.056), 1)": 0, "((0.16, 0.296), 0)": 0, "((0.16, 0.296), 1)": 3.951, "((0.16, 0.376), 0)": 0, "((0.16, 0.376), 1)": 3.70539, "((0.16, 0.256), 0)": 0, "((0.16, 0.256), 1)": -1.7300000000000002, "((0.08, -0.208), 0)": 0, "((0.08, -0.208), 1)": 0, "((0.24, -0.048), 0)": 0, "((0.24, -0.048), 1)": 0, "((0.08, 0.136), 0)": 0, "((0.08, 0.136), 1)": 10.0, "((0.0, 0.136), 0)": 0, "((0.0, 0.136), 1)": 0, "((0.24, 0.4), 0)": 0, "((0.24, 0.4), 1)": 5.9510000000000005, "((0.24, 0.48), 0)": 0, "((0.24, 0.48), 1)": 3.69, "((0.08, 0.52), 0)": 0, "((0.08, 0.52), 1)": -2.0, "((0.0, 0.4), 0)": 0, "((0.0, 0.4), 1)": 0, "((0.08, 0.36), 0)": 0, "((0.08, 0.36), 1)": -10.0, "((0.08, 0.32), 0)": 0, "((0.08, 0.32), 1)": -10.0, "((0.0, 0.2), 0)": 0, "((0.0, 0.2), 1)": 0, "((0.0, -0.144), 0)": 0, "((0.0, -0.144), 1)": 0, "((0.08, -0.128), 0)": 0, "((0.08, -0.128), 1)": 0, "((0.16, 0.32), 0)": 0, "((0.16, 0.32), 1)": 3.6, "((0.0, 0.32), 0)": 0, "((0.0, 0.32), 1)": 0, "((0.08, 0.376), 0)": 0, "((0.08, 0.376), 1)": -10.0, "((0.08, 0.336), 0)": 0, "((0.08, 0.336), 1)": 1.2781000000000002, "((0.08, 0.072), 0)": 0, "((0.08, 0.072), 1)": -1.649, "((0.0, -0.048), 0)": 0, "((0.0, -0.048), 1)": 0, "((0.08, 0.0), 0)": 0, "((0.08, 0.0), 1)": 0, "((0.24, 0.072), 0)": 0, "((0.24, 0.072), 1)": -1.1, "((0.08, -0.152), 0)": 0, "((0.08, -0.152), 1)": 0, "((0.0, 0.28), 0)": 0, "((0.0, 0.28), 1)": 0, "((0.0, -0.184), 0)": 0, "((0.0, -0.184), 1)": 0, "((0.08, 0.44), 0)": 0, "((0.08, 0.44), 1)": -10.0, "((0.24, 0.032), 0)": 0, "((0.24, 0.032), 1)": 10.0, "((0.24, 0.112), 0)": 0, "((0.24, 0.112), 1)": -1.9019, "((0.24, -0.072), 0)": 0, "((0.24, -0.072), 1)": 0, "((0.0, -0.088), 0)": 0, "((0.0, -0.088), 1)": 0, "((0.16, 0.336), 0)": 0, "((0.16, 0.336), 1)": -2.0, "((0.0, 0.216), 0)": 0, "((0.0, 0.216), 1)": 0, "((0.0, 0.0), 0)": 0, "((0.0, 0.0), 1)": 0, "((0.16, 0.192), 0)": 0, "((0.16, 0.192), 1)": 3.9000000000000004, "((0.0, -0.208), 0)": 0, "((0.0, -0.208), 1)": 0, "((0.08, 0.256), 0)": 0, "((0.08, 0.256), 1)": -10.0, "((0.0, 0.256), 0)": 0, "((0.0, 0.256), 1)": 0, "((0.08, -0.104), 0)": 0, "((0.08, -0.104), 1)": 0, "((0.08, -0.008), 0)": 0, "((0.08, -0.008), 1)": 0, "((0.24, 0.152), 0)": 0, "((0.24, 0.152), 1)": 4.5, "((0.08, -0.192), 0)": 0, "((0.08, -0.192), 1)": 0, "((0.24, -0.192), 0)": 0, "((0.24, -0.192), 1)": 0, "((0.0, -0.104), 0)": 0, "((0.0, -0.104), 1)": 0, "((0.16, -0.08), 0)": 0, "((0.16, -0.08), 1)": 0, "((0.08, 0.032), 0)": 0, "((0.08, 0.032), 1)": -10.0, "((0.08, 0.112), 0)": 0, "((0.08, 0.112), 1)": 10.0, "((0.0, 0.096), 0)": 0, "((0.0, 0.096), 1)": 0, "((0.24, 0.176), 0)": 0, "((0.24, 0.176), 1)": 4.5, "((0.24, 0.52), 0)": 0, "((0.24, 0.52), 1)": -2.0, "((0.0, 0.016), 0)": 0, "((0.0, 0.016), 1)": 0, "((0.0, -0.168), 0)": 0, "((0.0, -0.168), 1)": 0, "((0.08, -0.048), 0)": 0, "((0.08, -0.048), 1)": 0, "((0.0, 0.24), 0)": 0, "((0.0, 0.24), 1)": 0, "((0.24, -0.08), 0)": 0, "((0.24, -0.08), 1)": 0, "((0.16, -0.192), 0)": 0, "((0.16, -0.192), 1)": 0, "((0.16, 0.152), 0)": 0, "((0.16, 0.152), 1)": 3.6, "((0.08, 0.152), 0)": 0,