{"((0.24, 0.6), 0)": 0, "((0.24, 0.6), 1)": -10.0, "((0.24, 0.576), 0)": 0, "((0.24, 0.576), 1)": 0.654, "((0.044, 0.576), 0)": 0, "((0.044, 0.576), 1)": 0.6000000000000001, "((0.044, 0.552), 0)": 0, "((0.044, 0.552), 1)": -10.0, "((-0.156, 0.552), 0)": 0, "((-0.156, 0.552), 1)": 0, "((-0.06, 0.6), 0)": 0, "((-0.06, 0.6), 1)": 0, "((-0.06, 0.576), 0)": 0, "((-0.06, 0.576), 1)": 0, "((0.04, 0.576), 0)": 0, "((0.04, 0.576), 1)": 1.1, "((-0.16, 0.576), 0)": 0, "((-0.16, 0.576), 1)": 0, "((0.04, 0.552), 0)": 0, "((0.04, 0.552), 1)": -10.0, "((0.04, 0.528), 0)": 0, "((0.04, 0.528), 1)": -10.0, "((0.04, 0.504), 0)": 0, "((0.04, 0.504), 1)": -10.0, "((-0.16, 0.504), 0)": 0, "((-0.16, 0.504), 1)": 0, "((0.24, 0.552), 0)": 0, "((0.24, 0.552), 1)": -10.0, "((0.24, 0.528), 0)": 0, "((0.24, 0.528), 1)": -4.4, "((-0.06, 0.504), 0)": 0, "((-0.06, 0.504), 1)": 0, "((0.24, 0.556), 0)": 0, "((0.24, 0.556), 1)": -4.4, "((0.24, 0.532), 0)": 0, "((0.24, 0.532), 1)": -4.4, "((0.04, 0.508), 0)": 0, "((0.04, 0.508), 1)": -10.0, "((0.04, 0.484), 0)": 0, "((0.04, 0.484), 1)": 0.6000000000000001, "((-0.26, 0.46), 0)": 0, "((-0.26, 0.46), 1)": 0, "((0.04, 0.6), 0)": 0, "((0.04, 0.6), 1)": -10.0, "((-0.26, 0.576), 0)": 0, "((-0.26, 0.576), 1)": 0, "((-0.06, 0.508), 0)": 0, "((-0.06, 0.508), 1)": 0, "((0.04, 0.556), 0)": 0, "((0.04, 0.556), 1)": -10.0, "((-0.16, 0.556), 0)": 0, "((-0.16, 0.556), 1)": 0, "((0.04, 0.532), 0)": 0, "((0.04, 0.532), 1)": 0.6000000000000001, "((-0.16, 0.532), 0)": 0, "((-0.16, 0.532), 1)": 0, "((0.04, 0.464), 0)": 0, "((0.04, 0.464), 1)": -10.0, "((0.04, 0.44), 0)": 0, "((0.04, 0.44), 1)": -10.0, "((0.04, 0.416), 0)": 0, "((0.04, 0.416), 1)": -10.0, "((-0.26, 0.392), 0)": 0, "((-0.26, 0.392), 1)": 0, "((-0.26, 0.512), 0)": 0, "((-0.26, 0.512), 1)": 0, "((-0.16, 0.552), 0)": 0, "((-0.16, 0.552), 1)": 0, "((-0.26, 0.532), 0)": 0, "((-0.26, 0.532), 1)": 0, "((-0.06, 0.552), 0)": 0, "((-0.06, 0.552), 1)": 0, "((-0.06, 0.556), 0)": 0, "((-0.06, 0.556), 1)": 0, "((0.04, 0.512), 0)": 0, "((0.04, 0.512), 1)": -10.0, "((-0.16, 0.488), 0)": 0, "((-0.16, 0.488), 1)": 0, "((0.24, 0.508), 0)": 0, "((0.24, 0.508), 1)": -10.0, "((-0.26, 0.556), 0)": 0, "((-0.26, 0.556), 1)": 0, "((-0.26, 0.552), 0)": 0, "((-0.26, 0.552), 1)": 0, "((-0.16, 0.508), 0)": 0, "((-0.16, 0.508), 1)": 0, "((0.24, 0.512), 0)": 0, "((0.24, 0.512), 1)": -10.0, "((0.24, 0.488), 0)": 0, "((0.24, 0.488), 1)": 0.6000000000000001, "((-0.16, 0.464), 0)": 0, "((-0.16, 0.464), 1)": 0, "((-0.06, 0.532), 0)": 0, "((-0.06, 0.532), 1)": 0, "((0.24, 0.468), 0)": 0, "((0.24, 0.468), 1)": 0.6629100000000001, "((0.24, 0.444), 0)": 0, "((0.24, 0.444), 1)": -10.0, "((0.04, 0.42), 0)": 0, "((0.04, 0.42), 1)": -10.0, "((0.04, 0.396), 0)": 0, "((0.04, 0.396), 1)": 0.6000000000000001, "((-0.26, 0.372), 0)": 0, "((-0.26, 0.372), 1)": 0, "((-0.26, 0.484), 0)": 0, "((-0.26, 0.484), 1)": 0, "((-0.06, 0.512), 0)": 0, "((-0.06, 0.512), 1)": 0, "((-0.26, 0.508), 0)": 0, "((-0.26, 0.508), 1)": 0, "((0.04, 0.488), 0)": 0, "((0.04, 0.488), 1)": -10.0, "((-0.26, 0.44), 0)": 0, "((-0.26, 0.44), 1)": 0, "((-0.16, 0.6), 0)": 0, "((-0.16, 0.6), 1)": 0, "((0.04, 0.46), 0)": 0, "((0.04, 0.46), 1)": -10.0, "((0.04, 0.436), 0)": 0, "((0.04, 0.436), 1)": 1.1, "((-0.26, 0.412), 0)": 0, "((-0.26, 0.412), 1)": 0, "((0.04, 0.468), 0)": 0, "((0.04, 0.468), 1)": -10.0, "((0.04, 0.444), 0)": 0, "((0.04, 0.444), 1)": -10.0, "((-0.16, 0.42), 0)": 0, "((-0.16, 0.42), 1)": 0, "((-0.06, 0.484), 0)": 0, "((-0.06, 0.484), 1)": 0, "((-0.06, 0.464), 0)": 0, "((-0.06, 0.464), 1)": 0, "((-0.26, 0.444), 0)": 0, "((-0.26, 0.444), 1)": 0, "((-0.16, 0.512), 0)": 0, "((-0.16, 0.512), 1)": 0, "((0.24, 0.484), 0)": 0, "((0.24, 0.484), 1)": 0.654, "((-0.16, 0.44), 0)": 0, "((-0.16, 0.44), 1)": 0, "((0.24, 0.504), 0)": 0, "((0.24, 0.504), 1)": 0.6000000000000001, "((0.24, 0.48), 0)": 0, "((0.24, 0.48), 1)": -4.2957026, "((0.04, 0.48), 0)": 0, "((0.04, 0.48), 1)": 1.1, "((0.04, 0.456), 0)": 0, "((0.04, 0.456), 1)": -10.0, "((-0.26, 0.456), 0)": 0, "((-0.26, 0.456), 1)": 0, "((0.24, 0.464), 0)": 0, "((0.24, 0.464), 1)": -10.0, "((-0.06, 0.488), 0)": 0, "((-0.06, 0.488), 1)": 0, "((-0.26, 0.6), 0)": 0, "((-0.26, 0.6), 1)": 0, "((-0.26, 0.488), 0)": 0, "((-0.26, 0.488), 1)": 0, "((-0.16, 0.46), 0)": 0, "((-0.16, 0.46), 1)": 0, "((-0.26, 0.504), 0)": 0, "((-0.26, 0.504), 1)": 0, "((-0.06, 0.528), 0)": 0, "((-0.06, 0.528), 1)": 0, "((-0.16, 0.528), 0)": 0, "((-0.16, 0.528), 1)": 0, "((0.24, 0.42), 0)": 0, "((0.24, 0.42), 1)": 1.1, "((-0.26, 0.42), 0)": 0, "((-0.26, 0.42), 1)": 0, "((-0.16, 0.484), 0)": 0, "((-0.16, 0.484), 1)": 0, "((-0.16, 0.48), 0)": 0, "((-0.16, 0.48), 1)": 0, "((-0.26, 0.528), 0)": 0, "((-0.26, 0.528), 1)": 0, "((-0.06, 0.424), 0)": 0, "((-0.06, 0.424), 1)": 0, "((0.24, 0.46), 0)": 0, "((0.24, 0.46), 1)": 1.1, "((0.24, 0.436), 0)": 0, "((0.24, 0.436), 1)": -4.946000000000001, "((0.24, 0.412), 0)": 0, "((0.24, 0.412), 1)": 1.1, "((0.24, 0.388), 0)": 0, "((0.24, 0.388), 1)": 1.1, "((0.24, 0.364), 0)": 0, "((0.24, 0.364), 1)": -10.0, "((-0.06, 0.34), 0)": 0, "((-0.06, 0.34), 1)": 0, "((0.04, 0.392), 0)": 0, "((0.04, 0.392), 1)": 0.65886, "((-0.16, 0.468), 0)": 0, "((-0.16, 0.468), 1)": 0, "((-0.06, 0.444), 0)": 0, "((-0.06, 0.444), 1)": 0, "((0.24, 0.44), 0)": 0, "((0.24, 0.44), 1)": -10.0, "((0.04, 0.372), 0)": 0, "((0.04, 0.372), 1)": -10.0, "((-0.16, 0.372), 0)": 0, "((-0.16, 0.372), 1)": 0, "((-0.16, 0.444), 0)": 0, "((-0.16, 0.444), 1)": 0, "((-0.16, 0.4), 0)": 0, "((-0.16, 0.4), 1)": 0, "((0.24, 0.4), 0)": 0, "((0.24, 0.4), 1)": -10.0, "((0.24, 0.376), 0)": 0, "((0.24, 0.376), 1)": -10.0, "((-0.06, 0.352), 0)": 0, "((-0.06, 0.352), 1)": 0, "((0.04, 0.424), 0)": 0, "((0.04, 0.424), 1)": -10.0, "((0.04, 0.4), 0)": 0, "((0.04, 0.4), 1)": -10.0, "((-0.26, 0.464), 0)": 0, "((-0.26, 0.464), 1)": 0, "((-0.26, 0.468), 0)": 0, "((-0.26, 0.468), 1)": 0, "((-0.16, 0.436), 0)": 0, "((-0.16, 0.436), 1)": 0, "((-0.06, 0.416), 0)": 0, "((-0.06, 0.416), 1)": 0, "((-0.26, 0.396), 0)": 0, "((-0.26, 0.396), 1)": 0, "((-0.16, 0.348), 0)": 0, "((-0.16, 0.348), 1)": 0, "((-0.06, 0.42), 0)": 0, "((-0.06, 0.42), 1)": 0, "((0.04, 0.432), 0)": 0, "((0.04, 0.432), 1)": -10.0, "((0.04, 0.408), 0)": 0, "((0.04, 0.408), 1)": -10.0, "((-0.16, 0.408), 0)": 0, "((-0.16, 0.408), 1)": 0, "((-0.06, 0.46), 0)": 0, "((-0.06, 0.46), 1)": 0, "((-0.06, 0.456), 0)": 0, "((-0.06, 0.456), 1)": 0, "((0.24, 0.416), 0)": 0, "((0.24, 0.416), 1)": -4.8957026, "((-0.06, 0.392), 0)": 0, "((-0.06, 0.392), 1)": 0, "((-0.26, 0.48), 0)": 0, "((-0.26, 0.48), 1)": 0, "((-0.16, 0.396), 0)": 0, "((-0.16, 0.396), 1)": 0, "((-0.26, 0.416), 0)": 0, "((-0.26, 0.416), 1)": 0, "((-0.16, 0.376), 0)": 0, "((-0.16, 0.376), 1)": 0, "((0.04, 0.38), 0)": 0, "((0.04, 0.38), 1)": 0.6000000000000001, "((0.04, 0.356), 0)": 0, "((0.04, 0.356), 1)": 0.6000000000000001, "((0.04, 0.332), 0)": 0, "((0.04, 0.332), 1)": -10.0, "((-0.16, 0.308), 0)": 0, "((-0.16, 0.308), 1)": 0, "((0.04, 0.348), 0)": 0, "((0.04, 0.348), 1)": 1.1, "((0.04, 0.324), 0)": 0, "((0.04, 0.324), 1)": 0.6000000000000001, "((-0.16, 0.3), 0)": 0, "((-0.16, 0.3), 1)": 0, "((-0.06, 0.44), 0)": 0, "((-0.06, 0.44), 1)": 0, "((0.24, 0.352), 0)": 0, "((0.24, 0.352), 1)": -10.0, "((0.24, 0.328), 0)": 0, "((0.24, 0.328), 1)": -10.0, "((-0.06, 0.328), 0)": 0, "((-0.06, 0.328), 1)": 0, "((0.04, 0.376), 0)": 0, "((0.04, 0.376), 1)": -10.0, "((-0.16, 0.392), 0)": 0, "((-0.16, 0.392), 1)": 0, "((-0.26, 0.436), 0)": 0, "((-0.26, 0.436), 1)": 0, "((-0.06, 0.376), 0)": 0, "((-0.06, 0.376), 1)": 0, "((0.24, 0.396), 0)": 0, "((0.24, 0.396), 1)": -10.0, "((0.24, 0.372), 0)": 0, "((0.24, 0.372), 1)": -10.0, "((-0.16, 0.352), 0)": 0, "((-0.16, 0.352), 1)": 0, "((-0.26, 0.4), 0)": 0, "((-0.26, 0.4), 1)": 0, "((-0.06, 0.396), 0)": 0, "((-0.06, 0.396), 1)": 0, "((0.24, 0.456), 0)": 0, "((0.24, 0.456), 1)": -10.0, "((-0.16, 0.388), 0)": 0, "((-0.16, 0.388), 1)": 0, "((-0.16, 0.416), 0)": 0, "((-0.16, 0.416), 1)": 0, "((0.04, 0.368), 0)": 0, "((0.04, 0.368), 1)": -10.0,