{"((0.2, 0.3), 0)": 0, "((0.2, 0.3), 1)": 0, "((0.2, 0.3), 2)": 2.197802197804401, "((0.2, -0.02), 0)": 0, "((0.2, -0.02), 1)": 0, "((0.2, -0.02), 2)": 0, "((0.28, 0.3), 0)": 0, "((0.28, 0.3), 1)": 0, "((0.28, 0.3), 2)": 2.18, "((0.28, -0.02), 0)": 0, "((0.28, -0.02), 1)": 0, "((0.28, -0.02), 2)": 0, "((-0.64, 0.3), 0)": 0, "((-0.64, 0.3), 1)": 0, "((-0.64, 0.3), 2)": 0, "((0.36, 0.3), 0)": 0, "((0.36, 0.3), 1)": 0, "((0.36, 0.3), 2)": 10.0, "((-0.64, -0.02), 0)": 0, "((-0.64, -0.02), 1)": 0, "((-0.64, -0.02), 2)": 0, "((0.36, -0.02), 0)": 0, "((0.36, -0.02), 1)": 0, "((0.36, -0.02), 2)": 0, "((0.44, 0.3), 0)": 0, "((0.44, 0.3), 1)": 0, "((0.44, 0.3), 2)": 10.0, "((0.44, -0.02), 0)": 0, "((0.44, -0.02), 1)": 0, "((0.44, -0.02), 2)": 0, "((0.52, 0.3), 0)": 0, "((0.52, 0.3), 1)": 0, "((0.52, 0.3), 2)": -10.0, "((-0.48, -0.02), 0)": 0, "((-0.48, -0.02), 1)": 0, "((-0.48, -0.02), 2)": 0, "((0.52, -0.02), 0)": 0, "((0.52, -0.02), 1)": 0, "((0.52, -0.02), 2)": 0, "((0.6, 0.3), 0)": 0, "((0.6, 0.3), 1)": 0, "((0.6, 0.3), 2)": 2.19780218834138, "((0.6, -0.02), 0)": 0, "((0.6, -0.02), 1)": 0, "((0.6, -0.02), 2)": 0, "((-0.48, 0.3), 0)": 0, "((-0.48, 0.3), 1)": 0, "((-0.48, 0.3), 2)": 0, "((-0.72, 0.3), 0)": 0, "((-0.72, 0.3), 1)": 0, "((-0.72, 0.3), 2)": 0, "((0.68, 0.3), 0)": 0, "((0.68, 0.3), 1)": 0, "((0.68, 0.3), 2)": 2.1978025709789004, "((0.68, -0.02), 0)": 0, "((0.68, -0.02), 1)": 0, "((0.68, -0.02), 2)": 0, "((0.76, 0.3), 0)": 0, "((0.76, 0.3), 1)": 0, "((0.76, 0.3), 2)": 2.1978025709789004, "((0.76, -0.02), 0)": 0, "((0.76, -0.02), 1)": 0, "((0.76, -0.02), 2)": 0, "((-0.72, -0.02), 0)": 0, "((-0.72, -0.02), 1)": 0, "((-0.72, -0.02), 2)": 0, "((-0.32, 0.3), 0)": 0, "((-0.32, 0.3), 1)": 0, "((-0.32, 0.3), 2)": 0, "((0.84, 0.3), 0)": 0, "((0.84, 0.3), 1)": 0, "((0.84, 0.3), 2)": 2.197802200824929, "((0.84, -0.02), 0)": 0, "((0.84, -0.02), 1)": 0, "((0.84, -0.02), 2)": 0, "((0.92, 0.3), 0)": 0, "((0.92, 0.3), 1)": 0, "((0.92, 0.3), 2)": 2.19778922, "((0.92, -0.02), 0)": 0, "((0.92, -0.02), 1)": 0, "((0.92, -0.02), 2)": 0, "((1.0, 0.3), 0)": 0, "((1.0, 0.3), 1)": 0, "((1.0, 0.3), 2)": 2.1962, "((1.0, -0.02), 0)": 0, "((1.0, -0.02), 1)": 0, "((1.0, -0.02), 2)": 0, "((-0.4, 0.3), 0)": 0, "((-0.4, 0.3), 1)": 0, "((-0.4, 0.3), 2)": 0, "((1.08, 0.3), 0)": 0, "((1.08, 0.3), 1)": 0, "((1.08, 0.3), 2)": -22.802197811658623, "((1.08, -0.02), 0)": 0, "((1.08, -0.02), 1)": 0, "((1.08, -0.02), 2)": 0, "((-0.24, 0.3), 0)": 0, "((-0.24, 0.3), 1)": 0, "((-0.24, 0.3), 2)": 0, "((1.16, 0.3), 0)": 0, "((1.16, 0.3), 1)": 0, "((1.16, 0.3), 2)": 2.9000000000000004, "((1.16, -0.02), 0)": 0, "((1.16, -0.02), 1)": 0, "((1.16, -0.02), 2)": 0, "((0.16, -0.02), 0)": 0, "((0.16, -0.02), 1)": 0, "((0.16, -0.02), 2)": 0, "((-0.56, 0.3), 0)": 0, "((-0.56, 0.3), 1)": 0, "((-0.56, 0.3), 2)": 0, "((1.24, 0.3), 0)": 0, "((1.24, 0.3), 1)": 0, "((1.24, 0.3), 2)": 2.9000000000000004, "((1.24, -0.02), 0)": 0, "((1.24, -0.02), 1)": 0, "((1.24, -0.02), 2)": 0, "((0.08, 0.3), 0)": 0, "((0.08, 0.3), 1)": 0, "((0.08, 0.3), 2)": 2.261, "((0.08, -0.02), 0)": 0, "((0.08, -0.02), 1)": 0, "((0.08, -0.02), 2)": 0, "((-0.16, 0.3), 0)": 0, "((-0.16, 0.3), 1)": 0, "((-0.16, 0.3), 2)": 0, "((1.32, 0.3), 0)": 0, "((1.32, 0.3), 1)": 0, "((1.32, 0.3), 2)": 2.1978063442100004, "((1.32, -0.02), 0)": 0, "((1.32, -0.02), 1)": 0, "((1.32, -0.02), 2)": 0, "((1.4, 0.3), 0)": 0, "((1.4, 0.3), 1)": 0, "((1.4, 0.3), 2)": 2.261, "((1.4, -0.02), 0)": 0, "((1.4, -0.02), 1)": 0, "((1.4, -0.02), 2)": 0, "((0.24, 0.3), 0)": 0, "((0.24, 0.3), 1)": 0, "((0.24, 0.3), 2)": -10.0, "((0.24, -0.02), 0)": 0, "((0.24, -0.02), 1)": 0, "((0.24, -0.02), 2)": 0, "((1.48, 0.3), 0)": 0, "((1.48, 0.3), 1)": 0, "((1.48, 0.3), 2)": 2.1978025709789004, "((1.48, -0.02), 0)": 0, "((1.48, -0.02), 1)": 0, "((1.48, -0.02), 2)": 0, "((-0.8, -0.02), 0)": 0, "((-0.8, -0.02), 1)": 0, "((-0.8, -0.02), 2)": 0, "((1.56, 0.3), 0)": 0, "((1.56, 0.3), 1)": 0, "((1.56, 0.3), 2)": 2.18, "((1.56, -0.02), 0)": 0, "((1.56, -0.02), 1)": 0, "((1.56, -0.02), 2)": 0, "((0.0, 0.3), 0)": 0, "((0.0, 0.3), 1)": 0, "((0.0, 0.3), 2)": 0, "((-0.56, -0.02), 0)": 0, "((-0.56, -0.02), 1)": 0, "((-0.56, -0.02), 2)": 0, "((-0.92, -0.02), 0)": 0, "((-0.92, -0.02), 1)": 0, "((-0.92, -0.02), 2)": 0, "((0.4, 0.3), 0)": 0, "((0.4, 0.3), 1)": 0, "((0.4, 0.3), 2)": 2.0, "((0.4, -0.02), 0)": 0, "((0.4, -0.02), 1)": 0, "((0.4, -0.02), 2)": 0, "((1.64, 0.3), 0)": 0, "((1.64, 0.3), 1)": 0, "((1.64, 0.3), 2)": 2.9000000000000004, "((1.64, -0.02), 0)": 0, "((1.64, -0.02), 1)": 0, "((1.64, -0.02), 2)": 0, "((-0.08, 0.3), 0)": 0, "((-0.08, 0.3), 1)": 0, "((-0.08, 0.3), 2)": 0, "((1.72, 0.3), 0)": 0, "((1.72, 0.3), 1)": 0, "((1.72, 0.3), 2)": -22.802197907318003, "((1.72, -0.02), 0)": 0, "((1.72, -0.02), 1)": 0, "((1.72, -0.02), 2)": 0, "((1.8, 0.3), 0)": 0, "((1.8, 0.3), 1)": 0, "((1.8, 0.3), 2)": 2.1978010298000004, "((1.8, -0.02), 0)": 0, "((1.8, -0.02), 1)": 0, "((1.8, -0.02), 2)": 0, "((-0.32, -0.02), 0)": 0, "((-0.32, -0.02), 1)": 0, "((-0.32, -0.02), 2)": 0, "((0.16, 0.3), 0)": 0, "((0.16, 0.3), 1)": 0, "((0.16, 0.3), 2)": 2.1978025709789004, "((0.32, 0.3), 0)": 0, "((0.32, 0.3), 1)": 0, "((0.32, 0.3), 2)": 2.9000000000000004, "((0.32, -0.02), 0)": 0, "((0.32, -0.02), 1)": 0, "((0.32, -0.02), 2)": 0, "((-0.68, 0.3), 0)": 0, "((-0.68, 0.3), 1)": 0, "((-0.68, 0.3), 2)": 0, "((1.88, 0.3), 0)": 0, "((1.88, 0.3), 1)": 0, "((1.88, 0.3), 2)": 2.197848269, "((1.88, -0.02), 0)": 0, "((1.88, -0.02), 1)": 0, "((1.88, -0.02), 2)": 0, "((0.48, 0.3), 0)": 0, "((0.48, 0.3), 1)": 0, "((0.48, 0.3), 2)": 10.0, "((0.48, -0.02), 0)": 0, "((0.48, -0.02), 1)": 0, "((0.48, -0.02), 2)": 0, "((0.56, 0.3), 0)": 0, "((0.56, 0.3), 1)": 0, "((0.56, 0.3), 2)": 2.197658, "((0.56, -0.02), 0)": 0, "((0.56, -0.02), 1)": 0, "((0.56, -0.02), 2)": 0, "((0.64, 0.3), 0)": 0, "((0.64, 0.3), 1)": 0, "((0.64, 0.3), 2)": 2.20349, "((0.64, -0.02), 0)": 0, "((0.64, -0.02), 1)": 0, "((0.64, -0.02), 2)": 0, "((-0.28, 0.3), 0)": 0, "((-0.28, 0.3), 1)": 0, "((-0.28, 0.3), 2)": 0, "((0.0, -0.02), 0)": 0, "((0.0, -0.02), 1)": 0, "((0.0, -0.02), 2)": 0, "((1.96, 0.3), 0)": 0, "((1.96, 0.3), 1)": 0, "((1.96, 0.3), 2)": 2.18, "((1.96, -0.02), 0)": 0, "((1.96, -0.02), 1)": 0, "((1.96, -0.02), 2)": 0, "((-0.76, -0.02), 0)": 0, "((-0.76, -0.02), 1)": 0, "((-0.76, -0.02), 2)": 0, "((-0.8, 0.3), 0)": 0, "((-0.8, 0.3), 1)": 0, "((-0.8, 0.3), 2)": 0, "((0.72, 0.3), 0)": 0, "((0.72, 0.3), 1)": 0, "((0.72, 0.3), 2)": 2.1978063442100004, "((0.72, -0.02), 0)": 0, "((0.72, -0.02), 1)": 0, "((0.72, -0.02), 2)": 0, "((-0.24, -0.02), 0)": 0, "((-0.24, -0.02), 1)": 0, "((-0.24, -0.02), 2)": 0, "((-0.52, 0.3), 0)": 0, "((-0.52, 0.3), 1)": 0, "((-0.52, 0.3), 2)": 0, "((-0.2, 0.3), 0)": 0, "((-0.2, 0.3), 1)": 0, "((-0.2, 0.3), 2)": 0, "((0.96, 0.3), 0)": 0, "((0.96, 0.3), 1)": 0, "((0.96, 0.3), 2)": 2.18, "((0.96, -0.02), 0)": 0, "((0.96, -0.02), 1)": 0, "((0.96, -0.02), 2)": 0, "((0.8, 0.3), 0)": 0, "((0.8, 0.3), 1)": 0, "((0.8, 0.3), 2)": 2.197658, "((-0.2, -0.02), 0)": 0, "((-0.2, -0.02), 1)": 0, "((-0.2, -0.02), 2)": 0, "((0.8, -0.02), 0)": 0, "((0.8, -0.02), 1)": 0, "((0.8, -0.02), 2)": 0, "((0.88, 0.3), 0)": 0, "((0.88, 0.3), 1)": 0, "((0.88, 0.3), 2)": 2.20349, "((0.88, -0.02), 0)": 0, "((0.88, -0.02), 1)": 0, "((0.88, -0.02), 2)": 0, "((1.04, 0.3), 0)": 0, "((1.04, 0.3), 1)": 0, "((1.04, 0.3), 2)": 2.9000000000000004, "((1.04, -0.02), 0)": 0, "((1.04, -0.02), 1)": 0, "((1.04, -0.02), 2)": 0, "((1.12, 0.3), 0)": 0, "((1.12, 0.3), 1)": 0, "((1.12, 0.3), 2)": 2.261, "((1.12, -0.02), 0)": 0, "((1.12, -0.02), 1)": 0, "((1.12, -0.02), 2)": 0, "((-0.4, -0.02), 0)": 0, "((-0.4, -0.02), 1)": 0, "((-0.4, -0.02), 2)": 0, "((-0.76, 0.3), 0)": 0, "((-0.76, 0.3), 1)": 0, "((-0.76, 0.3), 2)": 0, "((1.2, 0.3), 0)": 0, "((1.2, 0.3), 1)": 0, "((1.2, 0.3), 2)": 2.1978021969507244, "((1.2, -0.02), 0)": 0, "((1.2, -0.02), 1)": 0, "((1.2, -0.02), 2)": 0, "((-0.16, -0.02), 0)": 0, "((-0.16, -0.02), 1)": 0, "((-0.16, -0.02), 2)": 0, "((-0.36, 0.3), 0)": 0,