{"((0.2, 0.2), 0)": 0, "((0.2, 0.2), 1)": 0, "((0.2, 0.2), 2)": 2.0, "((0.12, -0.12), 0)": 0, "((0.12, -0.12), 1)": 0, "((0.12, -0.12), 2)": 0, "((0.28, 0.2), 0)": 0, "((0.28, 0.2), 1)": 0, "((0.28, 0.2), 2)": 10.0, "((0.2, -0.12), 0)": 0, "((0.2, -0.12), 1)": 0, "((0.2, -0.12), 2)": 0, "((0.36, 0.2), 0)": 0, "((0.36, 0.2), 1)": 0, "((0.36, 0.2), 2)": 2.197848269, "((0.36, -0.12), 0)": 0, "((0.36, -0.12), 1)": 0, "((0.36, -0.12), 2)": 0, "((0.44, 0.2), 0)": 0, "((0.44, 0.2), 1)": 0, "((0.44, 0.2), 2)": 2.197802197802198, "((0.44, -0.12), 0)": 0, "((0.44, -0.12), 1)": 0, "((0.44, -0.12), 2)": 0, "((0.52, 0.2), 0)": 0, "((0.52, 0.2), 1)": 0, "((0.52, 0.2), 2)": 2.197802197802198, "((0.52, -0.12), 0)": 0, "((0.52, -0.12), 1)": 0, "((0.52, -0.12), 2)": 0, "((0.6, 0.2), 0)": 0, "((0.6, 0.2), 1)": 0, "((0.6, 0.2), 2)": 2.197802197802198, "((0.6, -0.12), 0)": 0, "((0.6, -0.12), 1)": 0, "((0.6, -0.12), 2)": 0, "((0.28, -0.12), 0)": 0, "((0.28, -0.12), 1)": 0, "((0.28, -0.12), 2)": 0, "((0.68, 0.2), 0)": 0, "((0.68, 0.2), 1)": 0, "((0.68, 0.2), 2)": 2.1978021969507244, "((0.76, 0.2), 0)": 0, "((0.76, 0.2), 1)": 0, "((0.76, 0.2), 2)": 2.0, "((0.76, -0.12), 0)": 0, "((0.76, -0.12), 1)": 0, "((0.76, -0.12), 2)": 0, "((0.84, 0.2), 0)": 0, "((0.84, 0.2), 1)": 0, "((0.84, 0.2), 2)": 10.0, "((0.84, -0.12), 0)": 0, "((0.84, -0.12), 1)": 0, "((0.84, -0.12), 2)": 0, "((0.92, 0.2), 0)": 0, "((0.92, 0.2), 1)": 0, "((0.92, 0.2), 2)": 2.9000000000000004, "((1.0, 0.2), 0)": 0, "((1.0, 0.2), 1)": 0, "((1.0, 0.2), 2)": 2.197802197802198, "((1.08, 0.2), 0)": 0, "((1.08, 0.2), 1)": 0, "((1.08, 0.2), 2)": 2.197802197802198, "((1.16, 0.2), 0)": 0, "((1.16, 0.2), 1)": 0, "((1.16, 0.2), 2)": 2.197802197802198, "((1.24, 0.2), 0)": 0, "((1.24, 0.2), 1)": 0, "((1.24, 0.2), 2)": 2.197658, "((1.24, -0.12), 0)": 0, "((1.24, -0.12), 1)": 0, "((1.24, -0.12), 2)": 0, "((1.32, 0.2), 0)": 0, "((1.32, 0.2), 1)": 0, "((1.32, 0.2), 2)": 2.20349, "((1.32, -0.12), 0)": 0, "((1.32, -0.12), 1)": 0, "((1.32, -0.12), 2)": 0, "((1.4, 0.2), 0)": 0, "((1.4, 0.2), 1)": 0, "((1.4, 0.2), 2)": 2.1983141, "((1.48, 0.2), 0)": 0, "((1.48, 0.2), 1)": 0, "((1.48, 0.2), 2)": 2.1977903880021468, "((1.48, -0.12), 0)": 0, "((1.48, -0.12), 1)": 0, "((1.48, -0.12), 2)": 0, "((1.08, -0.12), 0)": 0, "((1.08, -0.12), 1)": 0, "((1.08, -0.12), 2)": 0, "((1.56, 0.2), 0)": 0, "((1.56, 0.2), 1)": 0, "((1.56, 0.2), 2)": 2.1978021978021998, "((1.56, -0.12), 0)": 0, "((1.56, -0.12), 1)": 0, "((1.56, -0.12), 2)": 0, "((1.64, 0.2), 0)": 0, "((1.64, 0.2), 1)": 0, "((1.64, 0.2), 2)": 2.0, "((1.4, -0.12), 0)": 0, "((1.4, -0.12), 1)": 0, "((1.4, -0.12), 2)": 0, "((1.72, 0.2), 0)": 0, "((1.72, 0.2), 1)": 0, "((1.72, 0.2), 2)": 10.0, "((1.72, -0.12), 0)": 0, "((1.72, -0.12), 1)": 0, "((1.72, -0.12), 2)": 0, "((1.8, 0.2), 0)": 0, "((1.8, 0.2), 1)": 0, "((1.8, 0.2), 2)": 2.1963312200000003, "((1.88, 0.2), 0)": 0, "((1.88, 0.2), 1)": 0, "((1.88, 0.2), 2)": 2.197802197801577, "((1.88, -0.12), 0)": 0, "((1.88, -0.12), 1)": 0, "((1.88, -0.12), 2)": 0, "((1.96, 0.2), 0)": 0, "((1.96, 0.2), 1)": 0, "((1.96, 0.2), 2)": 2.197802197795301, "((2.04, 0.2), 0)": 0, "((2.04, 0.2), 1)": 0, "((2.04, 0.2), 2)": 2.197802189186577, "((2.04, -0.12), 0)": 0, "((2.04, -0.12), 1)": 0, "((2.04, -0.12), 2)": 0, "((2.12, 0.2), 0)": 0, "((2.12, 0.2), 1)": 0, "((2.12, 0.2), 2)": 2.1962, "((0.92, -0.12), 0)": 0, "((0.92, -0.12), 1)": 0, "((0.92, -0.12), 2)": 0, "((2.2, 0.2), 0)": 0, "((2.2, 0.2), 1)": 0, "((2.2, 0.2), 2)": 0.19765800000000003, "((2.28, 0.2), 0)": 0, "((2.28, 0.2), 1)": 0, "((2.28, 0.2), 2)": 0.18000000000000002, "((1.16, -0.12), 0)": 0, "((1.16, -0.12), 1)": 0, "((1.16, -0.12), 2)": 0, "((2.2, -0.12), 0)": 0, "((2.2, -0.12), 1)": 0, "((2.2, -0.12), 2)": 0, "((2.36, 0.2), 0)": 0, "((2.36, 0.2), 1)": 0, "((2.36, 0.2), 2)": 0.18000000000000002, "((2.36, -0.12), 0)": 0, "((2.36, -0.12), 1)": 0, "((2.36, -0.12), 2)": 0, "((2.44, 0.2), 0)": 0, "((2.44, 0.2), 1)": 0, "((2.44, 0.2), 2)": 0.017801134843819368, "((2.52, 0.2), 0)": 0, "((2.52, 0.2), 1)": 0, "((2.52, 0.2), 2)": 0.19779038715354852, "((1.0, -0.12), 0)": 0, "((1.0, -0.12), 1)": 0, "((1.0, -0.12), 2)": 0, "((0.68, -0.12), 0)": 0, "((0.68, -0.12), 1)": 0, "((0.68, -0.12), 2)": 0, "((0.12, 0.2), 0)": 0, "((0.12, 0.2), 1)": 0, "((0.12, 0.2), 2)": 2.0, "((1.8, -0.12), 0)": 0, "((1.8, -0.12), 1)": 0, "((1.8, -0.12), 2)": 0, "((2.44, -0.12), 0)": 0, "((2.44, -0.12), 1)": 0, "((2.44, -0.12), 2)": 0, "((2.6, 0.2), 0)": 0, "((2.6, 0.2), 1)": 0, "((2.6, 0.2), 2)": 2.197670968372761, "((2.52, -0.12), 0)": 0, "((2.52, -0.12), 1)": 0, "((2.52, -0.12), 2)": 0, "((1.64, -0.12), 0)": 0, "((1.64, -0.12), 1)": 0, "((1.64, -0.12), 2)": 0, "((2.68, 0.2), 0)": 0, "((2.68, 0.2), 1)": 0, "((2.68, 0.2), 2)": 2.1976590667562053, "((2.6, -0.12), 0)": 0, "((2.6, -0.12), 1)": 0, "((2.6, -0.12), 2)": 0, "((1.96, -0.12), 0)": 0, "((1.96, -0.12), 1)": 0, "((1.96, -0.12), 2)": 0, "((2.76, 0.2), 0)": 0, "((2.76, 0.2), 1)": 0, "((2.76, 0.2), 2)": 2.196211852846721, "((2.28, -0.12), 0)": 0, "((2.28, -0.12), 1)": 0, "((2.28, -0.12), 2)": 0, "((2.76, -0.12), 0)": 0, "((2.76, -0.12), 1)": 0, "((2.76, -0.12), 2)": 0, "((2.84, 0.2), 0)": 0, "((2.84, 0.2), 1)": 0, "((2.84, 0.2), 2)": 2.016211852846721, "((0.04, 0.2), 0)": 0, "((0.04, 0.2), 1)": 0, "((0.04, 0.2), 2)": -10.0, "((-0.04, 0.2), 0)": 0, "((-0.04, 0.2), 1)": 0, "((-0.04, 0.2), 2)": 0, "((2.12, -0.12), 0)": 0, "((2.12, -0.12), 1)": 0, "((2.12, -0.12), 2)": 0, "((2.68, -0.12), 0)": 0, "((2.68, -0.12), 1)": 0, "((2.68, -0.12), 2)": 0, "((2.92, 0.2), 0)": 0, "((2.92, 0.2), 1)": 0, "((2.92, 0.2), 2)": 2.18146331441, "((2.92, -0.12), 0)": 0, "((2.92, -0.12), 1)": 0, "((2.92, -0.12), 2)": 0, "((3.0, 0.2), 0)": 0, "((3.0, 0.2), 1)": 0, "((3.0, 0.2), 2)": 2.016259049, "((0.04, -0.12), 0)": 0, "((0.04, -0.12), 1)": 0, "((0.04, -0.12), 2)": 0, "((3.08, 0.2), 0)": 0, "((3.08, 0.2), 1)": 0, "((3.08, 0.2), 2)": 2.1806561, "((2.84, -0.12), 0)": 0, "((2.84, -0.12), 1)": 0, "((2.84, -0.12), 2)": 0, "((3.08, -0.12), 0)": 0, "((3.08, -0.12), 1)": 0, "((3.08, -0.12), 2)": 0, "((3.16, 0.2), 0)": 0, "((3.16, 0.2), 1)": 0, "((3.16, 0.2), 2)": 0.18729, "((3.24, 0.2), 0)": 0, "((3.24, 0.2), 1)": 0, "((3.24, 0.2), 2)": 2.081, "((3.16, -0.12), 0)": 0, "((3.16, -0.12), 1)": 0, "((3.16, -0.12), 2)": 0, "((-0.04, -0.12), 0)": 0, "((-0.04, -0.12), 1)": 0, "((-0.04, -0.12), 2)": 0, "((3.0, -0.12), 0)": 0, "((3.0, -0.12), 1)": 0, "((3.0, -0.12), 2)": 0, "((3.24, -0.12), 0)": 0, "((3.24, -0.12), 1)": 0, "((3.24, -0.12), 2)": 0, "((3.32, 0.2), 0)": 0, "((3.32, 0.2), 1)": 0, "((3.32, 0.2), 2)": 0.9, "((3.4, 0.2), 0)": 0, "((3.4, 0.2), 1)": 0, "((3.4, 0.2), 2)": 10.0, "((3.32, -0.12), 0)": 0, "((3.32, -0.12), 1)": 0, "((3.32, -0.12), 2)": 0}