{"((0.2, 0.24), 0)": 0, "((0.2, 0.24), 1)": 0, "((0.2, 0.24), 2)": 2.0, "((0.2, 0.16), 0)": 0, "((0.2, 0.16), 1)": 0, "((0.2, 0.16), 2)": -3.6, "((-0.024, 0.08), 0)": 0, "((-0.024, 0.08), 1)": 0, "((-0.024, 0.08), 2)": 0, "((0.056, 0.24), 0)": 0, "((0.056, 0.24), 1)": 0, "((0.056, 0.24), 2)": 2.18, "((-0.168, 0.16), 0)": 0, "((-0.168, 0.16), 1)": 0, "((-0.168, 0.16), 2)": 0, "((-0.024, 0.16), 0)": 0, "((-0.024, 0.16), 1)": 0, "((-0.024, 0.16), 2)": 0, "((0.16, 0.24), 0)": 0, "((0.16, 0.24), 1)": 0, "((0.16, 0.24), 2)": 2.0, "((0.016, 0.24), 0)": 0, "((0.016, 0.24), 1)": 0, "((0.016, 0.24), 2)": 2.0, "((0.016, 0.16), 0)": 0, "((0.016, 0.16), 1)": 0, "((0.016, 0.16), 2)": -10.0, "((0.016, 0.08), 0)": 0, "((0.016, 0.08), 1)": 0, "((0.016, 0.08), 2)": 2.9000000000000004, "((-0.208, 0.0), 0)": 0, "((-0.208, 0.0), 1)": 0, "((-0.208, 0.0), 2)": 0, "((0.2, 0.08), 0)": 0, "((0.2, 0.08), 1)": 0, "((0.2, 0.08), 2)": 10.0, "((0.08, 0.0), 0)": 0, "((0.08, 0.0), 1)": 0, "((0.08, 0.0), 2)": 0, "((0.08, 0.24), 0)": 0, "((0.08, 0.24), 1)": 0, "((0.08, 0.24), 2)": -10.0, "((0.08, 0.16), 0)": 0, "((0.08, 0.16), 1)": 0, "((0.08, 0.16), 2)": 2.18, "((-0.144, 0.08), 0)": 0, "((-0.144, 0.08), 1)": 0, "((-0.144, 0.08), 2)": 0, "((0.28, 0.24), 0)": 0, "((0.28, 0.24), 1)": 0, "((0.28, 0.24), 2)": -3.6, "((0.056, 0.16), 0)": 0, "((0.056, 0.16), 1)": 0, "((0.056, 0.16), 2)": -10.0, "((0.056, 0.08), 0)": 0, "((0.056, 0.08), 1)": 0, "((0.056, 0.08), 2)": -10.0, "((-0.168, 0.0), 0)": 0, "((-0.168, 0.0), 1)": 0, "((-0.168, 0.0), 2)": 0, "((0.096, 0.16), 0)": 0, "((0.096, 0.16), 1)": 0, "((0.096, 0.16), 2)": -1.0, "((0.28, 0.16), 0)": 0, "((0.28, 0.16), 1)": 0, "((0.28, 0.16), 2)": -3.6, "((0.28, 0.08), 0)": 0, "((0.28, 0.08), 1)": 0, "((0.28, 0.08), 2)": -0.1, "((0.16, 0.0), 0)": 0, "((0.16, 0.0), 1)": 0, "((0.16, 0.0), 2)": 0, "((0.36, 0.24), 0)": 0, "((0.36, 0.24), 1)": 0, "((0.36, 0.24), 2)": -3.39651, "((0.24, 0.16), 0)": 0, "((0.24, 0.16), 1)": 0, "((0.24, 0.16), 2)": 2.261, "((0.12, 0.08), 0)": 0, "((0.12, 0.08), 1)": 0, "((0.12, 0.08), 2)": 10.0, "((0.0, 0.0), 0)": 0, "((0.0, 0.0), 1)": 0, "((0.0, 0.0), 2)": 0, "((0.136, 0.16), 0)": 0, "((0.136, 0.16), 1)": 0, "((0.136, 0.16), 2)": -10.0, "((0.136, 0.08), 0)": 0, "((0.136, 0.08), 1)": 0, "((0.136, 0.08), 2)": 10.0, "((-0.088, 0.0), 0)": 0, "((-0.088, 0.0), 1)": 0, "((-0.088, 0.0), 2)": 0, "((0.24, 0.24), 0)": 0, "((0.24, 0.24), 1)": 0, "((0.24, 0.24), 2)": 2.1962, "((-0.104, 0.0), 0)": 0, "((-0.104, 0.0), 1)": 0, "((-0.104, 0.0), 2)": 0, "((-0.064, 0.16), 0)": 0, "((-0.064, 0.16), 1)": 0, "((-0.064, 0.16), 2)": 0, "((0.08, 0.08), 0)": 0, "((0.08, 0.08), 1)": 0, "((0.08, 0.08), 2)": -10.0, "((-0.064, 0.08), 0)": 0, "((-0.064, 0.08), 1)": 0, "((-0.064, 0.08), 2)": 0, "((0.04, 0.16), 0)": 0, "((0.04, 0.16), 1)": 0, "((0.04, 0.16), 2)": 2.0, "((0.04, 0.08), 0)": 0, "((0.04, 0.08), 1)": 0, "((0.04, 0.08), 2)": 2.0, "((-0.184, 0.0), 0)": 0, "((-0.184, 0.0), 1)": 0, "((-0.184, 0.0), 2)": 0, "((-0.04, 0.16), 0)": 0, "((-0.04, 0.16), 1)": 0, "((-0.04, 0.16), 2)": 0, "((0.16, 0.08), 0)": 0, "((0.16, 0.08), 1)": 0, "((0.16, 0.08), 2)": 10.0, "((-0.064, 0.0), 0)": 0, "((-0.064, 0.0), 1)": 0, "((-0.064, 0.0), 2)": 0, "((0.16, 0.16), 0)": 0, "((0.16, 0.16), 1)": 0, "((0.16, 0.16), 2)": -10.0, "((0.216, 0.16), 0)": 0, "((0.216, 0.16), 1)": 0, "((0.216, 0.16), 2)": -3.6, "((0.216, 0.08), 0)": 0, "((0.216, 0.08), 1)": 0, "((0.216, 0.08), 2)": 2.0, "((-0.008, 0.0), 0)": 0, "((-0.008, 0.0), 1)": 0, "((-0.008, 0.0), 2)": 0, "((0.12, 0.16), 0)": 0, "((0.12, 0.16), 1)": 0, "((0.12, 0.16), 2)": 2.0, "((0.0, 0.08), 0)": 0, "((0.0, 0.08), 1)": 0, "((0.0, 0.08), 2)": 0, "((0.096, 0.08), 0)": 0, "((0.096, 0.08), 1)": 0, "((0.096, 0.08), 2)": -1.0, "((-0.128, 0.0), 0)": 0, "((-0.128, 0.0), 1)": 0, "((-0.128, 0.0), 2)": 0, "((0.04, 0.0), 0)": 0, "((0.04, 0.0), 1)": 0, "((0.04, 0.0), 2)": 0, "((0.04, 0.24), 0)": 0, "((0.04, 0.24), 1)": 0, "((0.04, 0.24), 2)": -10.0, "((-0.08, 0.16), 0)": 0, "((-0.08, 0.16), 1)": 0, "((-0.08, 0.16), 2)": 0, "((0.24, 0.08), 0)": 0, "((0.24, 0.08), 1)": 0, "((0.24, 0.08), 2)": -1.0, "((0.24, 0.0), 0)": 0, "((0.24, 0.0), 1)": 0, "((0.24, 0.0), 2)": 0, "((0.056, 0.0), 0)": 0, "((0.056, 0.0), 1)": 0, "((0.056, 0.0), 2)": 0, "((0.096, 0.24), 0)": 0, "((0.096, 0.24), 1)": 0, "((0.096, 0.24), 2)": -10.0, "((-0.128, 0.16), 0)": 0, "((-0.128, 0.16), 1)": 0, "((-0.128, 0.16), 2)": 0, "((0.32, 0.24), 0)": 0, "((0.32, 0.24), 1)": 0, "((0.32, 0.24), 2)": -1.0, "((-0.048, 0.16), 0)": 0, "((-0.048, 0.16), 1)": 0, "((-0.048, 0.16), 2)": 0, "((0.136, 0.24), 0)": 0, "((0.136, 0.24), 1)": 0, "((0.136, 0.24), 2)": -1.0, "((-0.008, 0.16), 0)": 0, "((-0.008, 0.16), 1)": 0, "((-0.008, 0.16), 2)": 0, "((0.016, 0.0), 0)": 0, "((0.016, 0.0), 1)": 0, "((0.016, 0.0), 2)": 0, "((0.32, 0.08), 0)": 0, "((0.32, 0.08), 1)": 0, "((0.32, 0.08), 2)": 10.0, "((0.2, 0.0), 0)": 0, "((0.2, 0.0), 1)": 0, "((0.2, 0.0), 2)": 0, "((-0.024, 0.0), 0)": 0, "((-0.024, 0.0), 1)": 0, "((-0.024, 0.0), 2)": 0, "((-0.088, 0.16), 0)": 0, "((-0.088, 0.16), 1)": 0, "((-0.088, 0.16), 2)": 0, "((0.0, 0.16), 0)": 0, "((0.0, 0.16), 1)": 0, "((0.0, 0.16), 2)": 0, "((0.36, 0.16), 0)": 0, "((0.36, 0.16), 1)": 0, "((0.36, 0.16), 2)": 2.0, "((0.36, 0.08), 0)": 0, "((0.36, 0.08), 1)": 0, "((0.36, 0.08), 2)": 10.0, "((0.36, 0.0), 0)": 0, "((0.36, 0.0), 1)": 0, "((0.36, 0.0), 2)": 0, "((-0.144, 0.0), 0)": 0, "((-0.144, 0.0), 1)": 0, "((-0.144, 0.0), 2)": 0, "((-0.024, 0.24), 0)": 0, "((-0.024, 0.24), 1)": 0, "((-0.024, 0.24), 2)": 0, "((0.096, 0.0), 0)": 0, "((0.096, 0.0), 1)": 0, "((0.096, 0.0), 2)": 0, "((-0.064, 0.24), 0)": 0, "((-0.064, 0.24), 1)": 0, "((-0.064, 0.24), 2)": 0, "((0.12, 0.24), 0)": 0, "((0.12, 0.24), 1)": 0, "((0.12, 0.24), 2)": -1.0, "((0.44, 0.16), 0)": 0, "((0.44, 0.16), 1)": 0, "((0.44, 0.16), 2)": -3.4038, "((0.4, 0.08), 0)": 0, "((0.4, 0.08), 1)": 0, "((0.4, 0.08), 2)": 2.0, "((0.4, 0.0), 0)": 0, "((0.4, 0.0), 1)": 0, "((0.4, 0.0), 2)": 0, "((-0.088, 0.08), 0)": 0, "((-0.088, 0.08), 1)": 0, "((-0.088, 0.08), 2)": 0, "((-0.104, 0.08), 0)": 0, "((-0.104, 0.08), 1)": 0, "((-0.104, 0.08), 2)": 0, "((0.48, 0.08), 0)": 0, "((0.48, 0.08), 1)": 0, "((0.48, 0.08), 2)": -1.0, "((0.48, 0.0), 0)": 0, "((0.48, 0.0), 1)": 0, "((0.48, 0.0), 2)": 0, "((-0.208, 0.16), 0)": 0, "((-0.208, 0.16), 1)": 0, "((-0.208, 0.16), 2)": 0, "((-0.048, 0.08), 0)": 0, "((-0.048, 0.08), 1)": 0, "((-0.048, 0.08), 2)": 0, "((0.136, 0.0), 0)": 0, "((0.136, 0.0), 1)": 0, "((0.136, 0.0), 2)": 0, "((-0.08, 0.0), 0)": 0, "((-0.08, 0.0), 1)": 0, "((-0.08, 0.0), 2)": 0, "((0.32, 0.16), 0)": 0, "((0.32, 0.16), 1)": 0, "((0.32, 0.16), 2)": -0.739, "((0.176, 0.08), 0)": 0, "((0.176, 0.08), 1)": 0, "((0.176, 0.08), 2)": 2.18, "((0.176, 0.0), 0)": 0, "((0.176, 0.0), 1)": 0, "((0.176, 0.0), 2)": 0, "((-0.088, 0.24), 0)": 0, "((-0.088, 0.24), 1)": 0, "((-0.088, 0.24), 2)": 0, "((0.176, 0.16), 0)": 0, "((0.176, 0.16), 1)": 0, "((0.176, 0.16), 2)": -0.8038000000000001, "((-0.04, 0.08), 0)": 0, "((-0.04, 0.08), 1)": 0, "((-0.04, 0.08), 2)": 0, "((-0.184, 0.08), 0)": 0, "((-0.184, 0.08), 1)": 0, "((-0.184, 0.08), 2)": 0, "((0.44, 0.24), 0)": 0, "((0.44, 0.24), 1)": 0, "((0.44, 0.24), 2)": -1.0, "((0.296, 0.16), 0)": 0, "((0.296, 0.16), 1)": 0, "((0.296, 0.16), 2)": -0.8038000000000001, "((0.032, 0.08), 0)": 0, "((0.032, 0.08), 1)": 0, "((0.032, 0.08), 2)": -10.0, "((-0.008, 0.08), 0)": 0, "((-0.008, 0.08), 1)": 0, "((-0.008, 0.08), 2)": 0, "((0.216, 0.0), 0)": 0, "((0.216, 0.0), 1)": 0, "((0.216, 0.0), 2)": 0, "((-0.168, 0.08), 0)": 0, "((-0.168, 0.08), 1)": 0, "((-0.168, 0.08), 2)": 0, "((0.256, 0.08), 0)": 0, "((0.256, 0.08), 1)": 0, "((0.256, 0.08), 2)": -3.6, "((-0.08, 0.08), 0)": 0, "((-0.08, 0.08), 1)": 0, "((-0.08, 0.08), 2)": 0, "((-0.04, 0.0), 0)": 0, "((-0.04, 0.0), 1)": 0, "((-0.04, 0.0), 2)": 0, "((0.216, 0.24), 0)": 0, "((0.216, 0.24), 1)": 0, "((0.216, 0.24), 2)": -10.0, "((0.12, 0.0), 0)": 0, "((0.12, 0.0), 1)": 0, "((0.12, 0.0), 2)": 0, "((-0.104, 0.16), 0)": 0, "((-0.104, 0.16), 1)": 0,