{"((1.0, 0.6), 0)": 0, "((1.0, 0.6), 1)": 0, "((1.0, 0.6), 2)": 0, "((1.0, 0.6), 3)": 9.8, "((0.872, 0.152), 0)": 0, "((0.872, 0.152), 1)": 0, "((0.872, 0.152), 2)": 0, "((0.872, 0.152), 3)": 10.0, "((0.652, -0.236), 0)": 0, "((0.652, -0.236), 1)": 0, "((0.652, -0.236), 2)": 0, "((0.652, -0.236), 3)": 0, "((1.0, 0.252), 0)": 0, "((1.0, 0.252), 1)": 0, "((1.0, 0.252), 2)": 0, "((1.0, 0.252), 3)": 10.0, "((0.856, -0.136), 0)": 0, "((0.856, -0.136), 1)": 0, "((0.856, -0.136), 2)": 0, "((0.856, -0.136), 3)": 0, "((0.856, 0.6), 0)": 0, "((0.856, 0.6), 1)": 0, "((0.856, 0.6), 2)": 0, "((0.856, 0.6), 3)": 6.1000000000000005, "((0.712, 0.212), 0)": 0, "((0.712, 0.212), 1)": 0, "((0.712, 0.212), 2)": 0, "((0.712, 0.212), 3)": -3.6, "((0.568, 0.212), 0)": 0, "((0.568, 0.212), 1)": 0, "((0.568, 0.212), 2)": 0, "((0.568, 0.212), 3)": -5.5, "((0.348, 0.212), 0)": 0, "((0.348, 0.212), 1)": 0, "((0.348, 0.212), 2)": 0, "((0.348, 0.212), 3)": 10.0, "((0.348, -0.176), 0)": 0, "((0.348, -0.176), 1)": 0, "((0.348, -0.176), 2)": 0, "((0.348, -0.176), 3)": 0, "((1.0, 0.212), 0)": 0, "((1.0, 0.212), 1)": 0, "((1.0, 0.212), 2)": 0, "((1.0, 0.212), 3)": 10.0, "((1.0, -0.156), 0)": 0, "((1.0, -0.156), 1)": 0, "((1.0, -0.156), 2)": 0, "((1.0, -0.156), 3)": 0, "((0.76, 0.6), 0)": 0, "((0.76, 0.6), 1)": 0, "((0.76, 0.6), 2)": 0, "((0.76, 0.6), 3)": 2.9000000000000004, "((0.76, 0.244), 0)": 0, "((0.76, 0.244), 1)": 0, "((0.76, 0.244), 2)": 0, "((0.76, 0.244), 3)": 10.0, "((0.76, -0.112), 0)": 0, "((0.76, -0.112), 1)": 0, "((0.76, -0.112), 2)": 0, "((0.76, -0.112), 3)": 0, "((0.84, 0.244), 0)": 0, "((0.84, 0.244), 1)": 0, "((0.84, 0.244), 2)": 0, "((0.84, 0.244), 3)": 10.0, "((0.68, 0.244), 0)": 0, "((0.68, 0.244), 1)": 0, "((0.68, 0.244), 2)": 0, "((0.68, 0.244), 3)": 10.0, "((0.52, -0.112), 0)": 0, "((0.52, -0.112), 1)": 0, "((0.52, -0.112), 2)": 0, "((0.52, -0.112), 3)": 0, "((0.84, 0.6), 0)": 0, "((0.84, 0.6), 1)": 0, "((0.84, 0.6), 2)": 0, "((0.84, 0.6), 3)": -6.0, "((0.52, 0.244), 0)": 0, "((0.52, 0.244), 1)": 0, "((0.52, 0.244), 2)": 0, "((0.52, 0.244), 3)": 10.0, "((1.0, 0.244), 0)": 0, "((1.0, 0.244), 1)": 0, "((1.0, 0.244), 2)": 0, "((1.0, 0.244), 3)": -3.1, "((0.84, -0.112), 0)": 0, "((0.84, -0.112), 1)": 0, "((0.84, -0.112), 2)": 0, "((0.84, -0.112), 3)": 0, "((0.84, 0.284), 0)": 0, "((0.84, 0.284), 1)": 0, "((0.84, 0.284), 2)": 0, "((0.84, 0.284), 3)": -3.1, "((0.84, -0.072), 0)": 0, "((0.84, -0.072), 1)": 0, "((0.84, -0.072), 2)": 0, "((0.84, -0.072), 3)": 0, "((0.68, 0.6), 0)": 0, "((0.68, 0.6), 1)": 0, "((0.68, 0.6), 2)": 0, "((0.68, 0.6), 3)": -4.0, "((0.28, 0.244), 0)": 0, "((0.28, 0.244), 1)": 0, "((0.28, 0.244), 2)": 0, "((0.28, 0.244), 3)": -3.1, "((0.12, -0.112), 0)": 0, "((0.12, -0.112), 1)": 0, "((0.12, -0.112), 2)": 0, "((0.12, -0.112), 3)": 0, "((0.52, 0.6), 0)": 0, "((0.52, 0.6), 1)": 0, "((0.52, 0.6), 2)": 0, "((0.52, 0.6), 3)": 4.9, "((0.36, -0.112), 0)": 0, "((0.36, -0.112), 1)": 0, "((0.36, -0.112), 2)": 0, "((0.36, -0.112), 3)": 0, "((0.44, -0.112), 0)": 0, "((0.44, -0.112), 1)": 0, "((0.44, -0.112), 2)": 0, "((0.44, -0.112), 3)": 0, "((0.12, 0.244), 0)": 0, "((0.12, 0.244), 1)": 0, "((0.12, 0.244), 2)": 0, "((0.12, 0.244), 3)": 2.9000000000000004, "((-0.12, -0.112), 0)": 0, "((-0.12, -0.112), 1)": 0, "((-0.12, -0.112), 2)": 0, "((-0.12, -0.112), 3)": 0, "((0.68, -0.112), 0)": 0, "((0.68, -0.112), 1)": 0, "((0.68, -0.112), 2)": 0, "((0.68, -0.112), 3)": 0, "((0.36, 0.6), 0)": 0, "((0.36, 0.6), 1)": 0, "((0.36, 0.6), 2)": 0, "((0.36, 0.6), 3)": -1.118, "((0.36, 0.244), 0)": 0, "((0.36, 0.244), 1)": 0, "((0.36, 0.244), 2)": 0, "((0.36, 0.244), 3)": -4.0, "((0.2, 0.244), 0)": 0, "((0.2, 0.244), 1)": 0, "((0.2, 0.244), 2)": 0, "((0.2, 0.244), 3)": -3.1, "((0.04, -0.112), 0)": 0, "((0.04, -0.112), 1)": 0, "((0.04, -0.112), 2)": 0, "((0.04, -0.112), 3)": 0, "((0.6, 0.244), 0)": 0, "((0.6, 0.244), 1)": 0, "((0.6, 0.244), 2)": 0, "((0.6, 0.244), 3)": -5.1000000000000005, "((0.76, -0.072), 0)": 0, "((0.76, -0.072), 1)": 0, "((0.76, -0.072), 2)": 0, "((0.76, -0.072), 3)": 0, "((0.2, -0.112), 0)": 0, "((0.2, -0.112), 1)": 0, "((0.2, -0.112), 2)": 0, "((0.2, -0.112), 3)": 0, "((0.6, 0.6), 0)": 0, "((0.6, 0.6), 1)": 0, "((0.6, 0.6), 2)": 0, "((0.6, 0.6), 3)": 8.9, "((0.04, 0.244), 0)": 0, "((0.04, 0.244), 1)": 0, "((0.04, 0.244), 2)": 0, "((0.04, 0.244), 3)": -10.0, "((-0.2, 0.244), 0)": 0, "((-0.2, 0.244), 1)": 0, "((-0.2, 0.244), 2)": 0, "((-0.2, 0.244), 3)": 0, "((0.76, 0.284), 0)": 0, "((0.76, 0.284), 1)": 0, "((0.76, 0.284), 2)": 0, "((0.76, 0.284), 3)": -3.1, "((0.52, -0.072), 0)": 0, "((0.52, -0.072), 1)": 0, "((0.52, -0.072), 2)": 0, "((0.52, -0.072), 3)": 0, "((0.68, -0.072), 0)": 0, "((0.68, -0.072), 1)": 0, "((0.68, -0.072), 2)": 0, "((0.68, -0.072), 3)": 0, "((1.0, -0.112), 0)": 0, "((1.0, -0.112), 1)": 0, "((1.0, -0.112), 2)": 0, "((1.0, -0.112), 3)": 0, "((0.44, 0.6), 0)": 0, "((0.44, 0.6), 1)": 0, "((0.44, 0.6), 2)": 0, "((0.44, 0.6), 3)": 5.800000000000001, "((0.44, 0.244), 0)": 0, "((0.44, 0.244), 1)": 0, "((0.44, 0.244), 2)": 0, "((0.44, 0.244), 3)": 10.0, "((0.28, -0.112), 0)": 0, "((0.28, -0.112), 1)": 0, "((0.28, -0.112), 2)": 0, "((0.28, -0.112), 3)": 0, "((1.0, 0.284), 0)": 0, "((1.0, 0.284), 1)": 0, "((1.0, 0.284), 2)": 0, "((1.0, 0.284), 3)": -5.1000000000000005, "((-0.04, 0.244), 0)": 0, "((-0.04, 0.244), 1)": 0, "((-0.04, 0.244), 2)": 0, "((-0.04, 0.244), 3)": 0, "((-0.04, -0.112), 0)": 0, "((-0.04, -0.112), 1)": 0, "((-0.04, -0.112), 2)": 0, "((-0.04, -0.112), 3)": 0, "((0.6, 0.284), 0)": 0, "((0.6, 0.284), 1)": 0, "((0.6, 0.284), 2)": 0, "((0.6, 0.284), 3)": 10.0, "((0.6, -0.072), 0)": 0, "((0.6, -0.072), 1)": 0, "((0.6, -0.072), 2)": 0, "((0.6, -0.072), 3)": 0, "((0.6, -0.112), 0)": 0, "((0.6, -0.112), 1)": 0, "((0.6, -0.112), 2)": 0, "((0.6, -0.112), 3)": 0, "((0.44, 0.284), 0)": 0, "((0.44, 0.284), 1)": 0, "((0.44, 0.284), 2)": 0, "((0.44, 0.284), 3)": -5.1000000000000005, "((0.2, 0.284), 0)": 0, "((0.2, 0.284), 1)": 0, "((0.2, 0.284), 2)": 0, "((0.2, 0.284), 3)": 10.0, "((0.04, 0.284), 0)": 0, "((0.04, 0.284), 1)": 0, "((0.04, 0.284), 2)": 0, "((0.04, 0.284), 3)": 10.0, "((-0.12, -0.072), 0)": 0, "((-0.12, -0.072), 1)": 0, "((-0.12, -0.072), 2)": 0, "((-0.12, -0.072), 3)": 0, "((1.0, -0.072), 0)": 0, "((1.0, -0.072), 1)": 0, "((1.0, -0.072), 2)": 0, "((1.0, -0.072), 3)": 0, "((0.2, 0.6), 0)": 0, "((0.2, 0.6), 1)": 0, "((0.2, 0.6), 2)": 0, "((0.2, 0.6), 3)": -4.0, "((0.04, 0.6), 0)": 0, "((0.04, 0.6), 1)": 0, "((0.04, 0.6), 2)": 0, "((0.04, 0.6), 3)": -10.0, "((0.92, 0.6), 0)": 0, "((0.92, 0.6), 1)": 0, "((0.92, 0.6), 2)": 0, "((0.92, 0.6), 3)": 3.8000000000000003, "((0.52, 0.284), 0)": 0, "((0.52, 0.284), 1)": 0, "((0.52, 0.284), 2)": 0, "((0.52, 0.284), 3)": -6.0, "((0.36, 0.284), 0)": 0, "((0.36, 0.284), 1)": 0, "((0.36, 0.284), 2)": 0, "((0.36, 0.284), 3)": -4.0, "((0.36, -0.072), 0)": 0, "((0.36, -0.072), 1)": 0, "((0.36, -0.072), 2)": 0, "((0.36, -0.072), 3)": 0, "((0.44, -0.072), 0)": 0, "((0.44, -0.072), 1)": 0, "((0.44, -0.072), 2)": 0, "((0.44, -0.072), 3)": 0, "((-0.04, 0.284), 0)": 0, "((-0.04, 0.284), 1)": 0, "((-0.04, 0.284), 2)": 0, "((-0.04, 0.284), 3)": 0, "((1.0, -0.032), 0)": 0, "((1.0, -0.032), 1)": 0, "((1.0, -0.032), 2)": 0, "((1.0, -0.032), 3)": 0, "((0.28, 0.6), 0)": 0, "((0.28, 0.6), 1)": 0, "((0.28, 0.6), 2)": 0, "((0.28, 0.6), 3)": 8.8, "((0.12, -0.072), 0)": 0, "((0.12, -0.072), 1)": 0, "((0.12, -0.072), 2)": 0, "((0.12, -0.072), 3)": 0, "((0.68, 0.284), 0)": 0, "((0.68, 0.284), 1)": 0, "((0.68, 0.284), 2)": 0, "((0.68, 0.284), 3)": 2.0, "((-0.12, 0.284), 0)": 0, "((-0.12, 0.284), 1)": 0, "((-0.12, 0.284), 2)": 0, "((-0.12, 0.284), 3)": 0, "((0.92, 0.244), 0)": 0, "((0.92, 0.244), 1)": 0, "((0.92, 0.244), 2)": 0, "((0.92, 0.244), 3)": 2.0, "((0.92, -0.112), 0)": 0, "((0.92, -0.112), 1)": 0, "((0.92, -0.112), 2)": 0, "((0.92, -0.112), 3)": 0, "((-0.12, 0.244), 0)": 0, "((-0.12, 0.244), 1)": 0, "((-0.12, 0.244), 2)": 0, "((-0.12, 0.244), 3)": 0, "((0.28, 0.284), 0)": 0, "((0.28, 0.284), 1)": 0,