{"((1.0, 0.6), 0)": 0, "((1.0, 0.6), 1)": 0, "((1.0, 0.6), 2)": 0, "((1.0, 0.6), 3)": 10.0, "((0.888, -0.36), 0)": 0, "((0.888, -0.36), 1)": 0, "((0.888, -0.36), 2)": 0, "((0.888, -0.36), 3)": 0, "((0.888, 0.6), 0)": 0, "((0.888, 0.6), 1)": 0, "((0.888, 0.6), 2)": 0, "((0.888, 0.6), 3)": -3.3000000000000003, "((0.968, 0.6), 0)": 0, "((0.968, 0.6), 1)": 0, "((0.968, 0.6), 2)": 0, "((0.968, 0.6), 3)": -4.2, "((0.8, 0.6), 0)": 0, "((0.8, 0.6), 1)": 0, "((0.8, 0.6), 2)": 0, "((0.8, 0.6), 3)": 10.0, "((0.688, -0.36), 0)": 0, "((0.688, -0.36), 1)": 0, "((0.688, -0.36), 2)": 0, "((0.688, -0.36), 3)": 0, "((0.832, -0.36), 0)": 0, "((0.832, -0.36), 1)": 0, "((0.832, -0.36), 2)": 0, "((0.832, -0.36), 3)": 0, "((0.776, 0.6), 0)": 0, "((0.776, 0.6), 1)": 0, "((0.776, 0.6), 2)": 0, "((0.776, 0.6), 3)": -2.8000000000000003, "((0.608, 0.6), 0)": 0, "((0.608, 0.6), 1)": 0, "((0.608, 0.6), 2)": 0, "((0.608, 0.6), 3)": -3.3000000000000003, "((0.496, -0.36), 0)": 0, "((0.496, -0.36), 1)": 0, "((0.496, -0.36), 2)": 0, "((0.496, -0.36), 3)": 0, "((0.832, 0.6), 0)": 0, "((0.832, 0.6), 1)": 0, "((0.832, 0.6), 2)": 0, "((0.832, 0.6), 3)": 10.0, "((0.72, -0.36), 0)": 0, "((0.72, -0.36), 1)": 0, "((0.72, -0.36), 2)": 0, "((0.72, -0.36), 3)": 0, "((1.0, -0.36), 0)": 0, "((1.0, -0.36), 1)": 0, "((1.0, -0.36), 2)": 0, "((1.0, -0.36), 3)": 0, "((0.72, 0.6), 0)": 0, "((0.72, 0.6), 1)": 0, "((0.72, 0.6), 2)": 0, "((0.72, 0.6), 3)": -4.2, "((0.552, -0.36), 0)": 0, "((0.552, -0.36), 1)": 0, "((0.552, -0.36), 2)": 0, "((0.552, -0.36), 3)": 0, "((0.496, 0.6), 0)": 0, "((0.496, 0.6), 1)": 0, "((0.496, 0.6), 2)": 0, "((0.496, 0.6), 3)": -3.3000000000000003, "((0.776, -0.36), 0)": 0, "((0.776, -0.36), 1)": 0, "((0.776, -0.36), 2)": 0, "((0.776, -0.36), 3)": 0, "((0.552, 0.6), 0)": 0, "((0.552, 0.6), 1)": 0, "((0.552, 0.6), 2)": 0, "((0.552, 0.6), 3)": -4.2, "((0.44, -0.36), 0)": 0, "((0.44, -0.36), 1)": 0, "((0.44, -0.36), 2)": 0, "((0.44, -0.36), 3)": 0, "((0.888, -0.256), 0)": 0, "((0.888, -0.256), 1)": 0, "((0.888, -0.256), 2)": 0, "((0.888, -0.256), 3)": 0, "((0.608, -0.36), 0)": 0, "((0.608, -0.36), 1)": 0, "((0.608, -0.36), 2)": 0, "((0.608, -0.36), 3)": 0, "((0.44, 0.6), 0)": 0, "((0.44, 0.6), 1)": 0, "((0.44, 0.6), 2)": 0, "((0.44, 0.6), 3)": 10.0, "((0.272, 0.6), 0)": 0, "((0.272, 0.6), 1)": 0, "((0.272, 0.6), 2)": 0, "((0.272, 0.6), 3)": 10.0, "((0.104, -0.36), 0)": 0, "((0.104, -0.36), 1)": 0, "((0.104, -0.36), 2)": 0, "((0.104, -0.36), 3)": 0, "((0.664, 0.6), 0)": 0, "((0.664, 0.6), 1)": 0, "((0.664, 0.6), 2)": 0, "((0.664, 0.6), 3)": 10.0, "((0.384, 0.6), 0)": 0, "((0.384, 0.6), 1)": 0, "((0.384, 0.6), 2)": 0, "((0.384, 0.6), 3)": 10.0, "((0.384, -0.36), 0)": 0, "((0.384, -0.36), 1)": 0, "((0.384, -0.36), 2)": 0, "((0.384, -0.36), 3)": 0, "((0.744, 0.6), 0)": 0, "((0.744, 0.6), 1)": 0, "((0.744, 0.6), 2)": 0, "((0.744, 0.6), 3)": -3.3000000000000003, "((0.632, -0.36), 0)": 0, "((0.632, -0.36), 1)": 0, "((0.632, -0.36), 2)": 0, "((0.632, -0.36), 3)": 0, "((0.328, -0.36), 0)": 0, "((0.328, -0.36), 1)": 0, "((0.328, -0.36), 2)": 0, "((0.328, -0.36), 3)": 0, "((0.328, 0.6), 0)": 0, "((0.328, 0.6), 1)": 0, "((0.328, 0.6), 2)": 0, "((0.328, 0.6), 3)": -4.2, "((0.216, 0.6), 0)": 0, "((0.216, 0.6), 1)": 0, "((0.216, 0.6), 2)": 0, "((0.216, 0.6), 3)": -4.2, "((0.048, 0.6), 0)": 0, "((0.048, 0.6), 1)": 0, "((0.048, 0.6), 2)": 0, "((0.048, 0.6), 3)": -10.0, "((-0.064, 0.6), 0)": 0, "((-0.064, 0.6), 1)": 0, "((-0.064, 0.6), 2)": 0, "((-0.064, 0.6), 3)": 0, "((0.664, -0.36), 0)": 0, "((0.664, -0.36), 1)": 0, "((0.664, -0.36), 2)": 0, "((0.664, -0.36), 3)": 0, "((0.272, -0.36), 0)": 0, "((0.272, -0.36), 1)": 0, "((0.272, -0.36), 2)": 0, "((0.272, -0.36), 3)": 0, "((0.16, -0.36), 0)": 0, "((0.16, -0.36), 1)": 0, "((0.16, -0.36), 2)": 0, "((0.16, -0.36), 3)": 0, "((0.912, 0.6), 0)": 0, "((0.912, 0.6), 1)": 0, "((0.912, 0.6), 2)": 0, "((0.912, 0.6), 3)": 10.0, "((0.632, 0.6), 0)": 0, "((0.632, 0.6), 1)": 0, "((0.632, 0.6), 2)": 0, "((0.632, 0.6), 3)": -3.3000000000000003, "((0.52, -0.36), 0)": 0, "((0.52, -0.36), 1)": 0, "((0.52, -0.36), 2)": 0, "((0.52, -0.36), 3)": 0, "((0.72, -0.256), 0)": 0, "((0.72, -0.256), 1)": 0, "((0.72, -0.256), 2)": 0, "((0.72, -0.256), 3)": 0, "((0.104, 0.6), 0)": 0, "((0.104, 0.6), 1)": 0, "((0.104, 0.6), 2)": 0, "((0.104, 0.6), 3)": -10.0, "((0.664, -0.256), 0)": 0, "((0.664, -0.256), 1)": 0, "((0.664, -0.256), 2)": 0, "((0.664, -0.256), 3)": 0, "((0.856, -0.36), 0)": 0, "((0.856, -0.36), 1)": 0, "((0.856, -0.36), 2)": 0, "((0.856, -0.36), 3)": 0, "((0.776, -0.256), 0)": 0, "((0.776, -0.256), 1)": 0, "((0.776, -0.256), 2)": 0, "((0.776, -0.256), 3)": 0, "((0.52, 0.6), 0)": 0, "((0.52, 0.6), 1)": 0, "((0.52, 0.6), 2)": 0, "((0.52, 0.6), 3)": -1.9000000000000001, "((0.408, 0.6), 0)": 0, "((0.408, 0.6), 1)": 0, "((0.408, 0.6), 2)": 0, "((0.408, 0.6), 3)": -2.8000000000000003, "((0.24, -0.36), 0)": 0, "((0.24, -0.36), 1)": 0, "((0.24, -0.36), 2)": 0, "((0.24, -0.36), 3)": 0, "((1.08, 0.6), 0)": 0, "((1.08, 0.6), 1)": 0, "((1.08, 0.6), 2)": 0, "((1.08, 0.6), 3)": 10.0, "((0.968, -0.36), 0)": 0, "((0.968, -0.36), 1)": 0, "((0.968, -0.36), 2)": 0, "((0.968, -0.36), 3)": 0, "((1.0, -0.256), 0)": 0, "((1.0, -0.256), 1)": 0, "((1.0, -0.256), 2)": 0, "((1.0, -0.256), 3)": 0, "((0.856, -0.256), 0)": 0, "((0.856, -0.256), 1)": 0, "((0.856, -0.256), 2)": 0, "((0.856, -0.256), 3)": 0, "((0.832, -0.256), 0)": 0, "((0.832, -0.256), 1)": 0, "((0.832, -0.256), 2)": 0, "((0.832, -0.256), 3)": 0, "((0.856, 0.6), 0)": 0, "((0.856, 0.6), 1)": 0, "((0.856, 0.6), 2)": 0, "((0.856, 0.6), 3)": 10.0, "((0.744, -0.36), 0)": 0, "((0.744, -0.36), 1)": 0, "((0.744, -0.36), 2)": 0, "((0.744, -0.36), 3)": 0, "((0.464, 0.6), 0)": 0, "((0.464, 0.6), 1)": 0, "((0.464, 0.6), 2)": 0, "((0.464, 0.6), 3)": 10.0, "((0.296, -0.36), 0)": 0, "((0.296, -0.36), 1)": 0, "((0.296, -0.36), 2)": 0, "((0.296, -0.36), 3)": 0, "((0.688, -0.256), 0)": 0, "((0.688, -0.256), 1)": 0, "((0.688, -0.256), 2)": 0, "((0.688, -0.256), 3)": 0, "((0.688, 0.6), 0)": 0, "((0.688, 0.6), 1)": 0, "((0.688, 0.6), 2)": 0, "((0.688, 0.6), 3)": 10.0, "((0.576, -0.36), 0)": 0, "((0.576, -0.36), 1)": 0, "((0.576, -0.36), 2)": 0, "((0.576, -0.36), 3)": 0, "((0.496, -0.256), 0)": 0, "((0.496, -0.256), 1)": 0, "((0.496, -0.256), 2)": 0, "((0.496, -0.256), 3)": 0, "((-0.008, 0.6), 0)": 0, "((-0.008, 0.6), 1)": 0, "((-0.008, 0.6), 2)": 0, "((-0.008, 0.6), 3)": 0, "((0.552, -0.256), 0)": 0, "((0.552, -0.256), 1)": 0, "((0.552, -0.256), 2)": 0, "((0.552, -0.256), 3)": 0, "((0.712, 0.6), 0)": 0, "((0.712, 0.6), 1)": 0, "((0.712, 0.6), 2)": 0, "((0.712, 0.6), 3)": -2.8000000000000003, "((0.624, 0.6), 0)": 0, "((0.624, 0.6), 1)": 0, "((0.624, 0.6), 2)": 0, "((0.624, 0.6), 3)": 10.0, "((0.624, -0.36), 0)": 0, "((0.624, -0.36), 1)": 0, "((0.624, -0.36), 2)": 0, "((0.624, -0.36), 3)": 0, "((0.608, -0.256), 0)": 0, "((0.608, -0.256), 1)": 0, "((0.608, -0.256), 2)": 0, "((0.608, -0.256), 3)": 0, "((0.8, -0.36), 0)": 0, "((0.8, -0.36), 1)": 0, "((0.8, -0.36), 2)": 0, "((0.8, -0.36), 3)": 0, "((0.912, -0.36), 0)": 0, "((0.912, -0.36), 1)": 0, "((0.912, -0.36), 2)": 0, "((0.912, -0.36), 3)": 0, "((0.216, -0.36), 0)": 0, "((0.216, -0.36), 1)": 0, "((0.216, -0.36), 2)": 0, "((0.216, -0.36), 3)": 0, "((0.216, -0.256), 0)": 0, "((0.216, -0.256), 1)": 0, "((0.216, -0.256), 2)": 0, "((0.216, -0.256), 3)": 0, "((0.576, 0.6), 0)": 0, "((0.576, 0.6), 1)": 0, "((0.576, 0.6), 2)": 0, "((0.576, 0.6), 3)": 10.0, "((0.464, -0.36), 0)": 0, "((0.464, -0.36), 1)": 0, "((0.464, -0.36), 2)": 0, "((0.464, -0.36), 3)": 0, "((0.352, 0.6), 0)": 0, "((0.352, 0.6), 1)": 0, "((0.352, 0.6), 2)": 0, "((0.352, 0.6), 3)": -4.2, "((0.184, 0.6), 0)": 0, "((0.184, 0.6), 1)": 0, "((0.184, 0.6), 2)": 0, "((0.184, 0.6), 3)": 10.0, "((0.072, -0.36), 0)": 0, "((0.072, -0.36), 1)": 0, "((0.072, -0.36), 2)": 0, "((0.072, -0.36), 3)": 0, "((-0.064, -0.36), 0)": 0, "((-0.064, -0.36), 1)": 0, "((-0.064, -0.36), 2)": 0, "((-0.064, -0.36), 3)": 0, "((0.352, -0.36), 0)": 0,