{"((0.2, 0.6), 0)": 0, "((0.2, 0.6), 1)": 0, "((0.2, 0.6), 2)": 1.2087840710000002, "((-0.36, 0.6), 0)": 0, "((-0.36, 0.6), 1)": 0, "((-0.36, 0.6), 2)": 0, "((-0.64, 0.6), 0)": 0, "((-0.64, 0.6), 1)": 0, "((-0.64, 0.6), 2)": 0, "((0.2, 0.556), 0)": 0, "((0.2, 0.556), 1)": 0, "((0.2, 0.556), 2)": 1.199, "((0.2, 0.512), 0)": 0, "((0.2, 0.512), 1)": 0, "((0.2, 0.512), 2)": 1.2036088804466382e-22, "((0.2, 0.468), 0)": 0, "((0.2, 0.468), 1)": 0, "((0.2, 0.468), 2)": 1.4355045703895627e-44, "((0.2, 0.424), 0)": 0, "((0.2, 0.424), 1)": 0, "((0.2, 0.424), 2)": 1.1, "((0.2, 0.38), 0)": 0, "((0.2, 0.38), 1)": 0, "((0.2, 0.38), 2)": 5.7568239633009806e-30, "((0.2, 0.336), 0)": 0, "((0.2, 0.336), 1)": 0, "((0.2, 0.336), 2)": 0.0, "((0.2, 0.292), 0)": 0, "((0.2, 0.292), 1)": 0, "((0.2, 0.292), 2)": 0.0}