{"((0.2, 0.3), 0)": 0, "((0.2, 0.3), 1)": 0, "((0.2, 0.3), 2)": 1.7581264, "((-0.3, 0.3), 0)": 0, "((-0.3, 0.3), 1)": 0, "((-0.3, 0.3), 2)": 0, "((-0.4, 0.3), 0)": 0, "((-0.4, 0.3), 1)": 0, "((-0.4, 0.3), 2)": 0, "((-0.2, 0.3), 0)": 0, "((-0.2, 0.3), 1)": 0, "((-0.2, 0.3), 2)": 0, "((0.2, 0.236), 0)": 0, "((0.2, 0.236), 1)": 0, "((0.2, 0.236), 2)": 3.5623347178028806e-39, "((0.2, 0.172), 0)": 0, "((0.2, 0.172), 1)": 0, "((0.2, 0.172), 2)": 1.6000000000000405, "((0.2, 0.108), 0)": 0, "((0.2, 0.108), 1)": 0, "((0.2, 0.108), 2)": 2.1284471435665903e-43, "((0.2, 0.044), 0)": 0, "((0.2, 0.044), 1)": 0, "((0.2, 0.044), 2)": 1.6677181699666595e-17, "((0.2, -0.02), 0)": 0, "((0.2, -0.02), 1)": 0, "((0.2, -0.02), 2)": 0}