{"((0.2, 1.0), 0)": 0, "((0.2, 1.0), 1)": 0, "((0.2, 1.0), 2)": -3.0, "((0.2, 1.12), 0)": 0, "((0.2, 1.12), 1)": 0, "((0.2, 1.12), 2)": -3.0, "((0.2, 1.24), 0)": 0, "((0.2, 1.24), 1)": 0, "((0.2, 1.24), 2)": -3.0, "((0.2, 1.348), 0)": 0, "((0.2, 1.348), 1)": 0, "((0.2, 1.348), 2)": -3.0, "((0.2, 1.468), 0)": 0, "((0.2, 1.468), 1)": 0, "((0.2, 1.468), 2)": -3.0, "((0.2, 1.588), 0)": 0, "((0.2, 1.588), 1)": 0, "((0.2, 1.588), 2)": -3.0, "((0.2, 1.696), 0)": 0, "((0.2, 1.696), 1)": 0, "((0.2, 1.696), 2)": -3.0, "((0.2, 1.816), 0)": 0, "((0.2, 1.816), 1)": 0, "((0.2, 1.816), 2)": -3.0, "((0.2, 1.936), 0)": 0, "((0.2, 1.936), 1)": 0, "((0.2, 1.936), 2)": -3.0, "((0.2, 2.056), 0)": 0, "((0.2, 2.056), 1)": 0, "((0.2, 2.056), 2)": -3.0, "((0.2, 2.044), 0)": 0, "((0.2, 2.044), 1)": 0, "((0.2, 2.044), 2)": -3.0, "((0.2, 2.164), 0)": 0, "((0.2, 2.164), 1)": 0, "((0.2, 2.164), 2)": -3.0, "((0.2, 2.272), 0)": 0, "((0.2, 2.272), 1)": 0, "((0.2, 2.272), 2)": -3.0, "((0.2, 2.392), 0)": 0, "((0.2, 2.392), 1)": 0, "((0.2, 2.392), 2)": -2.99757, "((0.2, 2.5), 0)": 0, "((0.2, 2.5), 1)": 0, "((0.2, 2.5), 2)": -3.0, "((0.2, 2.62), 0)": 0, "((0.2, 2.62), 1)": 0, "((0.2, 2.62), 2)": 0.30000000000000004, "((0.2, 2.74), 0)": 0, "((0.2, 2.74), 1)": 0, "((0.2, 2.74), 2)": -3.0, "((0.2, 2.86), 0)": 0, "((0.2, 2.86), 1)": 0, "((0.2, 2.86), 2)": -3.0, "((0.2, 2.98), 0)": 0, "((0.2, 2.98), 1)": 0, "((0.2, 2.98), 2)": -3.0, "((0.2, 1.36), 0)": 0, "((0.2, 1.36), 1)": 0, "((0.2, 1.36), 2)": -3.0, "((0.2, 2.176), 0)": 0, "((0.2, 2.176), 1)": 0, "((0.2, 2.176), 2)": -2.9730000000000003, "((0.2, 2.296), 0)": 0, "((0.2, 2.296), 1)": 0, "((0.2, 2.296), 2)": -3.0, "((0.2, 2.416), 0)": 0, "((0.2, 2.416), 1)": 0, "((0.2, 2.416), 2)": -3.0, "((0.2, 2.536), 0)": 0, "((0.2, 2.536), 1)": 0, "((0.2, 2.536), 2)": -2.7, "((0.2, 2.656), 0)": 0, "((0.2, 2.656), 1)": 0, "((0.2, 2.656), 2)": -3.0, "((0.2, 2.776), 0)": 0, "((0.2, 2.776), 1)": 0, "((0.2, 2.776), 2)": -3.0, "((0.2, 2.896), 0)": 0, "((0.2, 2.896), 1)": 0, "((0.2, 2.896), 2)": -3.0, "((0.2, 3.016), 0)": 0, "((0.2, 3.016), 1)": 0, "((0.2, 3.016), 2)": -3.0, "((0.2, 3.136), 0)": 0, "((0.2, 3.136), 1)": 0, "((0.2, 3.136), 2)": -3.0, "((0.2, 3.256), 0)": 0, "((0.2, 3.256), 1)": 0, "((0.2, 3.256), 2)": -3.0, "((0.2, 1.48), 0)": 0, "((0.2, 1.48), 1)": 0, "((0.2, 1.48), 2)": -3.0, "((0.2, 1.6), 0)": 0, "((0.2, 1.6), 1)": 0, "((0.2, 1.6), 2)": -3.0, "((0.2, 1.72), 0)": 0, "((0.2, 1.72), 1)": 0, "((0.2, 1.72), 2)": -2.9730000000000003, "((0.2, 1.84), 0)": 0, "((0.2, 1.84), 1)": 0, "((0.2, 1.84), 2)": -3.0, "((0.2, 1.96), 0)": 0, "((0.2, 1.96), 1)": 0, "((0.2, 1.96), 2)": -3.0, "((0.2, 2.08), 0)": 0, "((0.2, 2.08), 1)": 0, "((0.2, 2.08), 2)": -3.0, "((0.2, 2.2), 0)": 0, "((0.2, 2.2), 1)": 0, "((0.2, 2.2), 2)": -3.0, "((0.2, 2.32), 0)": 0, "((0.2, 2.32), 1)": 0, "((0.2, 2.32), 2)": -3.0, "((0.2, 2.44), 0)": 0, "((0.2, 2.44), 1)": 0, "((0.2, 2.44), 2)": -3.0, "((0.2, 2.56), 0)": 0, "((0.2, 2.56), 1)": 0, "((0.2, 2.56), 2)": -2.9730000000000003, "((0.2, 2.68), 0)": 0, "((0.2, 2.68), 1)": 0, "((0.2, 2.68), 2)": -2.7, "((0.2, 2.8), 0)": 0, "((0.2, 2.8), 1)": 0, "((0.2, 2.8), 2)": -3.0, "((0.2, 2.92), 0)": 0, "((0.2, 2.92), 1)": 0, "((0.2, 2.92), 2)": -3.0, "((0.2, 2.908), 0)": 0, "((0.2, 2.908), 1)": 0, "((0.2, 2.908), 2)": -3.0, "((0.2, 3.028), 0)": 0, "((0.2, 3.028), 1)": 0, "((0.2, 3.028), 2)": -3.0, "((0.2, 3.148), 0)": 0, "((0.2, 3.148), 1)": 0, "((0.2, 3.148), 2)": 0.0, "((0.2, 3.376), 0)": 0, "((0.2, 3.376), 1)": 0, "((0.2, 3.376), 2)": -3.0, "((0.2, 3.496), 0)": 0, "((0.2, 3.496), 1)": 0, "((0.2, 3.496), 2)": -3.0, "((0.2, 3.616), 0)": 0, "((0.2, 3.616), 1)": 0, "((0.2, 3.616), 2)": 0.0, "((0.2, 1.828), 0)": 0, "((0.2, 1.828), 1)": 0, "((0.2, 1.828), 2)": -3.0, "((0.2, 1.948), 0)": 0, "((0.2, 1.948), 1)": 0, "((0.2, 1.948), 2)": -3.0, "((0.2, 2.068), 0)": 0, "((0.2, 2.068), 1)": 0, "((0.2, 2.068), 2)": -3.0, "((0.2, 2.188), 0)": 0, "((0.2, 2.188), 1)": 0, "((0.2, 2.188), 2)": -3.0, "((0.2, 2.308), 0)": 0, "((0.2, 2.308), 1)": 0, "((0.2, 2.308), 2)": -2.9730000000000003, "((0.2, 2.428), 0)": 0, "((0.2, 2.428), 1)": 0, "((0.2, 2.428), 2)": -2.9703513000000004, "((0.2, 2.548), 0)": 0, "((0.2, 2.548), 1)": 0, "((0.2, 2.548), 2)": -3.0, "((0.2, 2.668), 0)": 0, "((0.2, 2.668), 1)": 0, "((0.2, 2.668), 2)": 0.0, "((0.2, 2.788), 0)": 0, "((0.2, 2.788), 1)": 0, "((0.2, 2.788), 2)": -3.0, "((0.2, 1.108), 0)": 0, "((0.2, 1.108), 1)": 0, "((0.2, 1.108), 2)": -3.0, "((0.2, 1.228), 0)": 0, "((0.2, 1.228), 1)": 0, "((0.2, 1.228), 2)": -3.0, "((0.2, 1.576), 0)": 0, "((0.2, 1.576), 1)": 0, "((0.2, 1.576), 2)": -3.0, "((0.2, 1.684), 0)": 0, "((0.2, 1.684), 1)": 0, "((0.2, 1.684), 2)": -3.0, "((0.2, 1.804), 0)": 0, "((0.2, 1.804), 1)": 0, "((0.2, 1.804), 2)": -3.0, "((0.2, 1.924), 0)": 0, "((0.2, 1.924), 1)": 0, "((0.2, 1.924), 2)": -3.0, "((0.2, 2.512), 0)": 0, "((0.2, 2.512), 1)": 0, "((0.2, 2.512), 2)": -2.9999803170000003, "((0.2, 2.632), 0)": 0, "((0.2, 2.632), 1)": 0, "((0.2, 2.632), 2)": -3.0, "((0.2, 2.752), 0)": 0, "((0.2, 2.752), 1)": 0, "((0.2, 2.752), 2)": 0.02700000000000001, "((0.2, 2.872), 0)": 0, "((0.2, 2.872), 1)": 0, "((0.2, 2.872), 2)": 0.30000000000000004, "((0.2, 2.992), 0)": 0, "((0.2, 2.992), 1)": 0, "((0.2, 2.992), 2)": -3.0, "((0.2, 3.124), 0)": 0, "((0.2, 3.124), 1)": 0, "((0.2, 3.124), 2)": -3.0, "((0.2, 2.404), 0)": 0, "((0.2, 2.404), 1)": 0, "((0.2, 2.404), 2)": -3.0, "((0.2, 3.1), 0)": 0, "((0.2, 3.1), 1)": 0, "((0.2, 3.1), 2)": -3.0, "((0.2, 3.22), 0)": 0, "((0.2, 3.22), 1)": 0, "((0.2, 3.22), 2)": -3.0, "((0.2, 3.268), 0)": 0, "((0.2, 3.268), 1)": 0, "((0.2, 3.268), 2)": 0.0, "((0.2, 3.388), 0)": 0, "((0.2, 3.388), 1)": 0, "((0.2, 3.388), 2)": -3.0, "((0.2, 3.508), 0)": 0, "((0.2, 3.508), 1)": 0, "((0.2, 3.508), 2)": -3.0, "((0.2, 1.708), 0)": 0, "((0.2, 1.708), 1)": 0, "((0.2, 1.708), 2)": -3.0, "((0.2, 2.284), 0)": 0, "((0.2, 2.284), 1)": 0, "((0.2, 2.284), 2)": -3.0, "((0.2, 2.524), 0)": 0, "((0.2, 2.524), 1)": 0, "((0.2, 2.524), 2)": -3.0, "((0.2, 0.988), 0)": 0, "((0.2, 0.988), 1)": 0, "((0.2, 0.988), 2)": -3.0, "((0.2, 2.644), 0)": 0, "((0.2, 2.644), 1)": 0, "((0.2, 2.644), 2)": -3.0, "((0.2, 3.04), 0)": 0, "((0.2, 3.04), 1)": 0, "((0.2, 3.04), 2)": 0.0, "((0.2, 3.16), 0)": 0, "((0.2, 3.16), 1)": 0, "((0.2, 3.16), 2)": -3.0, "((0.2, 3.28), 0)": 0, "((0.2, 3.28), 1)": 0, "((0.2, 3.28), 2)": 0.0, "((0.2, 3.4), 0)": 0, "((0.2, 3.4), 1)": 0, "((0.2, 3.4), 2)": 0.0, "((0.2, 3.628), 0)": 0, "((0.2, 3.628), 1)": 0, "((0.2, 3.628), 2)": 0.0, "((0.2, 1.336), 0)": 0, "((0.2, 1.336), 1)": 0, "((0.2, 1.336), 2)": -3.0, "((0.2, 1.456), 0)": 0, "((0.2, 1.456), 1)": 0, "((0.2, 1.456), 2)": -3.0, "((0.2, 2.764), 0)": 0, "((0.2, 2.764), 1)": 0, "((0.2, 2.764), 2)": -3.0, "((0.2, 2.884), 0)": 0, "((0.2, 2.884), 1)": 0, "((0.2, 2.884), 2)": -3.0, "((0.2, 3.004), 0)": 0, "((0.2, 3.004), 1)": 0, "((0.2, 3.004), 2)": -2.9999803170000003, "((0.2, 1.792), 0)": 0, "((0.2, 1.792), 1)": 0, "((0.2, 1.792), 2)": -3.0, "((0.2, 1.912), 0)": 0, "((0.2, 1.912), 1)": 0, "((0.2, 1.912), 2)": -2.9730000000000003, "((0.2, 2.032), 0)": 0, "((0.2, 2.032), 1)": 0, "((0.2, 2.032), 2)": 0.0, "((0.2, 2.02), 0)": 0, "((0.2, 2.02), 1)": 0, "((0.2, 2.02), 2)": -3.0, "((0.2, 2.14), 0)": 0, "((0.2, 2.14), 1)": 0, "((0.2, 2.14), 2)": -3.0, "((0.2, 3.244), 0)": 0, "((0.2, 3.244), 1)": 0, "((0.2, 3.244), 2)": -2.7, "((0.2, 2.152), 0)": 0, "((0.2, 2.152), 1)": 0, "((0.2, 2.152), 2)": -3.0, "((0.2, 3.52), 0)": 0, "((0.2, 3.52), 1)": 0, "((0.2, 3.52), 2)": 0.0, "((0.2, 3.64), 0)": 0, "((0.2, 3.64), 1)": 0, "((0.2, 3.64), 2)": -3.0, "((0.2, 3.76), 0)": 0, "((0.2, 3.76), 1)": 0, "((0.2, 3.76), 2)": 0.0, "((0.2, 3.88), 0)": 0, "((0.2, 3.88), 1)": 0, "((0.2, 3.88), 2)": 0.0, "((0.2, 4.0), 0)": 0, "((0.2, 4.0), 1)": 0, "((0.2, 4.0), 2)": 0.0, "((0.2, 1.216), 0)": 0, "((0.2, 1.216), 1)": 0, "((0.2, 1.216), 2)": -2.9730000000000003, "((0.2, 3.736), 0)": 0, "((0.2, 3.736), 1)": 0, "((0.2, 3.736), 2)": -3.0, "((0.2, 3.856), 0)": 0, "((0.2, 3.856), 1)": 0, "((0.2, 3.856), 2)": 0.0,