{"((0.2, 0.6), 0)": 0, "((0.2, 0.6), 1)": 0, "((0.2, 0.6), 2)": 0.4, "((-0.44, 0.6), 0)": 0, "((-0.44, 0.6), 1)": 0, "((-0.44, 0.6), 2)": 0, "((-0.536, 0.584), 0)": 0, "((-0.536, 0.584), 1)": 0, "((-0.536, 0.584), 2)": 0, "((-0.584, 0.6), 0)": 0, "((-0.584, 0.6), 1)": 0, "((-0.584, 0.6), 2)": 0, "((-0.6, 0.6), 0)": 0, "((-0.6, 0.6), 1)": 0, "((-0.6, 0.6), 2)": 0, "((-1.0, 0.6), 0)": 0, "((-1.0, 0.6), 1)": 0, "((-1.0, 0.6), 2)": 0, "((0.2, 0.584), 0)": 0, "((0.2, 0.584), 1)": 0, "((0.2, 0.584), 2)": -10.0, "((-1.0, 0.584), 0)": 0, "((-1.0, 0.584), 1)": 0, "((-1.0, 0.584), 2)": 0, "((0.2, 0.568), 0)": 0, "((0.2, 0.568), 1)": 0, "((0.2, 0.568), 2)": 6.003785411879973e-20, "((0.2, 0.552), 0)": 0, "((0.2, 0.552), 1)": 0, "((0.2, 0.552), 2)": 0.400028625091876, "((-0.6, 0.568), 0)": 0, "((-0.6, 0.568), 1)": 0, "((-0.6, 0.568), 2)": 0, "((-0.6, 0.584), 0)": 0, "((-0.6, 0.584), 1)": 0, "((-0.6, 0.584), 2)": 0, "((0.2, 0.536), 0)": 0, "((0.2, 0.536), 1)": 0, "((0.2, 0.536), 2)": 6.548502858514432e-20, "((0.2, 0.52), 0)": 0, "((0.2, 0.52), 1)": 0, "((0.2, 0.52), 2)": 0.03629160000000001, "((0.2, 0.504), 0)": 0, "((0.2, 0.504), 1)": 0, "((0.2, 0.504), 2)": -10.0, "((0.2, 0.488), 0)": 0, "((0.2, 0.488), 1)": 0, "((0.2, 0.488), 2)": 0.0, "((-0.6, 0.536), 0)": 0, "((-0.6, 0.536), 1)": 0, "((-0.6, 0.536), 2)": 0, "((-1.0, 0.552), 0)": 0, "((-1.0, 0.552), 1)": 0, "((-1.0, 0.552), 2)": 0, "((-1.0, 0.568), 0)": 0, "((-1.0, 0.568), 1)": 0, "((-1.0, 0.568), 2)": 0, "((-0.6, 0.552), 0)": 0, "((-0.6, 0.552), 1)": 0, "((-0.6, 0.552), 2)": 0, "((-1.0, 0.536), 0)": 0, "((-1.0, 0.536), 1)": 0, "((-1.0, 0.536), 2)": 0, "((-0.6, 0.52), 0)": 0, "((-0.6, 0.52), 1)": 0, "((-0.6, 0.52), 2)": 0, "((-0.6, 0.504), 0)": 0, "((-0.6, 0.504), 1)": 0, "((-0.6, 0.504), 2)": 0, "((-1.0, 0.52), 0)": 0, "((-1.0, 0.52), 1)": 0, "((-1.0, 0.52), 2)": 0}