{"((0.2, 0.24), 0)": 0, "((0.2, 0.24), 1)": 0, "((0.2, 0.24), 2)": 1.09, "((0.2, 0.2), 0)": 0, "((0.2, 0.2), 1)": 0, "((0.2, 0.2), 2)": 1.0981, "((0.2, 0.16), 0)": 0, "((0.2, 0.16), 1)": 0, "((0.2, 0.16), 2)": 3.800594997090003e-11, "((0.2, 0.12), 0)": 0, "((0.2, 0.12), 1)": 0, "((0.2, 0.12), 2)": 4.7829690000000026e-08, "((0.2, 0.08), 0)": 0, "((0.2, 0.08), 1)": 0, "((0.2, 0.08), 2)": 1.048325401900317e-46, "((0.2, 0.04), 0)": 0, "((0.2, 0.04), 1)": 0, "((0.2, 0.04), 2)": 10.0, "((0.2, 0.0), 0)": 0, "((0.2, 0.0), 1)": 0, "((0.2, 0.0), 2)": 0}