{"((0.532, 0.032), 0)": 0, "((0.532, 0.032), 1)": 10.0, "((0.6, 0.24), 1)": 2.7, "((0.464, -0.108), 0)": 0, "((0.464, -0.108), 1)": 0, "((0.532, 0.1), 0)": 0, "((0.532, 0.1), 1)": 10.0, "((0.464, -0.04), 0)": 0, "((0.464, -0.04), 1)": 0, "((0.6, 0.24), 0)": 0, "((0.472, 0.032), 0)": 0, "((0.472, 0.032), 1)": 10.0, "((0.472, -0.108), 0)": 0, "((0.472, -0.108), 1)": 0, "((0.472, 0.24), 0)": 0, "((0.472, 0.24), 1)": -1.385, "((0.472, 0.1), 0)": 0, "((0.472, 0.1), 1)": 10.0, "((0.472, -0.04), 0)": 0, "((0.472, -0.04), 1)": 0, "((0.464, 0.1), 0)": 0, "((0.464, 0.1), 1)": 10.0, "((0.336, -0.04), 0)": 0, "((0.336, -0.04), 1)": 0, "((0.464, 0.032), 0)": 0, "((0.464, 0.032), 1)": 10.0, "((0.396, -0.108), 0)": 0, "((0.396, -0.108), 1)": 0, "((0.404, -0.176), 0)": 0, "((0.404, -0.176), 1)": 0, "((0.6, 0.032), 0)": 0, "((0.6, 0.032), 1)": 10.0, "((0.472, -0.176), 0)": 0, "((0.472, -0.176), 1)": 0, "((0.6, -0.176), 0)": 0, "((0.6, -0.176), 1)": 0, "((0.344, -0.176), 0)": 0, "((0.344, -0.176), 1)": 0, "((0.532, 0.24), 0)": 0, "((0.532, 0.24), 1)": 3.5, "((0.404, 0.1), 0)": 0, "((0.404, 0.1), 1)": 10.0, "((0.404, -0.04), 0)": 0, "((0.404, -0.04), 1)": 0, "((0.404, -0.108), 0)": 0, "((0.404, -0.108), 1)": 0, "((0.532, -0.176), 0)": 0, "((0.532, -0.176), 1)": 0, "((0.344, 0.032), 0)": 0, "((0.344, 0.032), 1)": 10.0, "((0.216, -0.108), 0)": 0, "((0.216, -0.108), 1)": 0, "((0.464, -0.176), 0)": 0, "((0.464, -0.176), 1)": 0, "((0.404, 0.032), 0)": 0, "((0.404, 0.032), 1)": 10.0, "((0.336, -0.108), 0)": 0, "((0.336, -0.108), 1)": 0, "((0.532, -0.108), 0)": 0, "((0.532, -0.108), 1)": 0, "((0.276, -0.176), 0)": 0, "((0.276, -0.176), 1)": 0, "((0.344, -0.108), 0)": 0, "((0.344, -0.108), 1)": 0, "((0.344, -0.04), 0)": 0, "((0.344, -0.04), 1)": 0, "((0.336, -0.176), 0)": 0, "((0.336, -0.176), 1)": 0, "((0.396, -0.176), 0)": 0, "((0.396, -0.176), 1)": 0, "((0.404, 0.24), 0)": 0, "((0.404, 0.24), 1)": 4.4, "((0.336, 0.1), 0)": 0, "((0.336, 0.1), 1)": -2.3000000000000003, "((0.268, -0.04), 0)": 0, "((0.268, -0.04), 1)": 0, "((0.276, 0.24), 0)": 0, "((0.276, 0.24), 1)": 6.1000000000000005, "((0.276, 0.1), 0)": 0, "((0.276, 0.1), 1)": 10.0, "((0.148, -0.04), 0)": 0, "((0.148, -0.04), 1)": 0, "((0.268, -0.108), 0)": 0, "((0.268, -0.108), 1)": 0, "((0.336, 0.032), 0)": 0, "((0.336, 0.032), 1)": 10.0, "((0.216, -0.176), 0)": 0, "((0.216, -0.176), 1)": 0, "((0.6, 0.1), 0)": 0, "((0.6, 0.1), 1)": 10.0, "((0.276, 0.032), 0)": 0, "((0.276, 0.032), 1)": 10.0, "((0.208, -0.108), 0)": 0, "((0.208, -0.108), 1)": 0, "((0.6, -0.108), 0)": 0, "((0.6, -0.108), 1)": 0, "((0.396, 0.032), 0)": 0, "((0.396, 0.032), 1)": 10.0, "((0.276, -0.108), 0)": 0, "((0.276, -0.108), 1)": 0, "((0.532, -0.04), 0)": 0, "((0.532, -0.04), 1)": 0, "((0.344, 0.1), 0)": 0, "((0.344, 0.1), 1)": 10.0, "((0.216, -0.04), 0)": 0, "((0.216, -0.04), 1)": 0, "((0.344, 0.24), 0)": 0, "((0.344, 0.24), 1)": 4.4, "((0.216, 0.1), 0)": 0, "((0.216, 0.1), 1)": 10.0, "((0.148, 0.1), 0)": 0, "((0.148, 0.1), 1)": 10.0, "((0.02, -0.04), 0)": 0, "((0.02, -0.04), 1)": 0, "((0.268, -0.176), 0)": 0, "((0.268, -0.176), 1)": 0, "((0.464, 0.24), 0)": 0, "((0.464, 0.24), 1)": -2.8040000000000003, "((0.208, 0.032), 0)": 0, "((0.208, 0.032), 1)": 10.0, "((0.08, -0.108), 0)": 0, "((0.08, -0.108), 1)": 0, "((0.276, -0.04), 0)": 0, "((0.276, -0.04), 1)": 0, "((0.216, 0.032), 0)": 0, "((0.216, 0.032), 1)": 10.0, "((0.148, -0.108), 0)": 0, "((0.148, -0.108), 1)": 0, "((0.208, -0.176), 0)": 0, "((0.208, -0.176), 1)": 0, "((0.148, -0.176), 0)": 0, "((0.148, -0.176), 1)": 0, "((0.396, 0.1), 0)": 0, "((0.396, 0.1), 1)": 10.0, "((0.328, -0.04), 0)": 0, "((0.328, -0.04), 1)": 0, "((0.088, -0.176), 0)": 0, "((0.088, -0.176), 1)": 0, "((0.396, -0.04), 0)": 0, "((0.396, -0.04), 1)": 0, "((0.08, 0.1), 0)": 0, "((0.08, 0.1), 1)": -10.0, "((-0.048, -0.04), 0)": 0, "((-0.048, -0.04), 1)": 0, "((0.328, -0.176), 0)": 0, "((0.328, -0.176), 1)": 0, "((0.216, 0.24), 0)": 0, "((0.216, 0.24), 1)": 3.5, "((0.08, -0.04), 0)": 0, "((0.08, -0.04), 1)": 0, "((0.268, 0.032), 0)": 0, "((0.268, 0.032), 1)": 10.0, "((0.2, -0.108), 0)": 0, "((0.2, -0.108), 1)": 0, "((0.208, 0.1), 0)": 0, "((0.208, 0.1), 1)": 10.0, "((0.208, -0.04), 0)": 0, "((0.208, -0.04), 1)": 0, "((0.396, 0.24), 0)": 0, "((0.396, 0.24), 1)": 2.9000000000000004, "((0.268, 0.1), 0)": 0, "((0.268, 0.1), 1)": -1.7000000000000002, "((0.2, -0.04), 0)": 0, "((0.2, -0.04), 1)": 0, "((0.328, -0.108), 0)": 0, "((0.328, -0.108), 1)": 0, "((0.088, 0.032), 0)": 0, "((0.088, 0.032), 1)": 10.0, "((0.088, -0.108), 0)": 0, "((0.088, -0.108), 1)": 0, "((0.2, -0.176), 0)": 0, "((0.2, -0.176), 1)": 0, "((0.14, -0.108), 0)": 0, "((0.14, -0.108), 1)": 0, "((0.14, 0.1), 0)": 0, "((0.14, 0.1), 1)": 10.0, "((0.072, -0.04), 0)": 0, "((0.072, -0.04), 1)": 0, "((0.148, 0.032), 0)": 0, "((0.148, 0.032), 1)": 10.0, "((0.328, 0.032), 0)": 0, "((0.328, 0.032), 1)": 10.0, "((0.2, 0.1), 0)": 0, "((0.2, 0.1), 1)": 10.0, "((0.336, 0.24), 0)": 0, "((0.336, 0.24), 1)": 4.4, "((0.6, -0.04), 0)": 0, "((0.6, -0.04), 1)": 0, "((0.012, -0.04), 0)": 0, "((0.012, -0.04), 1)": 0, "((0.08, -0.176), 0)": 0, "((0.08, -0.176), 1)": 0, "((0.08, 0.032), 0)": 0, "((0.08, 0.032), 1)": 10.0, "((0.012, -0.108), 0)": 0, "((0.012, -0.108), 1)": 0, "((0.14, -0.176), 0)": 0, "((0.14, -0.176), 1)": 0, "((0.02, 0.032), 0)": 0, "((0.02, 0.032), 1)": -10.0, "((-0.048, -0.108), 0)": 0, "((-0.048, -0.108), 1)": 0, "((0.02, -0.108), 0)": 0, "((0.02, -0.108), 1)": 0, "((0.02, -0.176), 0)": 0, "((0.02, -0.176), 1)": 0, "((0.208, 0.24), 0)": 0, "((0.208, 0.24), 1)": 2.7, "((0.2, 0.032), 0)": 0, "((0.2, 0.032), 1)": 10.0, "((0.072, -0.108), 0)": 0, "((0.072, -0.108), 1)": 0, "((0.14, 0.032), 0)": 0, "((0.14, 0.032), 1)": 10.0, "((0.26, -0.176), 0)": 0, "((0.26, -0.176), 1)": 0, "((0.072, -0.176), 0)": 0, "((0.072, -0.176), 1)": 0}