{"((0.6, 0.3), 0)": 0, "((0.6, 0.3), 1)": 10.0, "((0.432, 0.076), 0)": 0, "((0.432, 0.076), 1)": 10.0, "((0.292, -0.148), 0)": 0, "((0.292, -0.148), 1)": 0, "((0.6, -0.036), 0)": 0, "((0.6, -0.036), 1)": 0, "((0.432, 0.3), 0)": 0, "((0.432, 0.3), 1)": 10.0, "((0.32, 0.076), 0)": 0, "((0.32, 0.076), 1)": 10.0, "((0.18, -0.148), 0)": 0, "((0.18, -0.148), 1)": 0, "((0.6, 0.076), 0)": 0, "((0.6, 0.076), 1)": 10.0, "((0.432, -0.148), 0)": 0, "((0.432, -0.148), 1)": 0, "((0.46, -0.036), 0)": 0, "((0.46, -0.036), 1)": 0, "((0.488, -0.036), 0)": 0, "((0.488, -0.036), 1)": 0, "((0.432, -0.036), 0)": 0, "((0.432, -0.036), 1)": 0, "((0.488, 0.076), 0)": 0, "((0.488, 0.076), 1)": 10.0, "((0.488, -0.148), 0)": 0, "((0.488, -0.148), 1)": 0, "((0.292, -0.036), 0)": 0, "((0.292, -0.036), 1)": 0, "((0.46, -0.26), 0)": 0, "((0.46, -0.26), 1)": 0, "((0.292, -0.26), 0)": 0, "((0.292, -0.26), 1)": 0, "((0.488, 0.3), 0)": 0, "((0.488, 0.3), 1)": 10.0, "((0.376, 0.076), 0)": 0, "((0.376, 0.076), 1)": 10.0, "((0.236, -0.148), 0)": 0, "((0.236, -0.148), 1)": 0, "((0.264, -0.26), 0)": 0, "((0.264, -0.26), 1)": 0, "((0.46, 0.3), 0)": 0, "((0.46, 0.3), 1)": -3.5, "((0.208, 0.076), 0)": 0, "((0.208, 0.076), 1)": 10.0, "((0.04, -0.148), 0)": 0, "((0.04, -0.148), 1)": 0, "((0.264, -0.148), 0)": 0, "((0.264, -0.148), 1)": 0, "((0.32, -0.036), 0)": 0, "((0.32, -0.036), 1)": 0, "((0.32, -0.26), 0)": 0, "((0.32, -0.26), 1)": 0, "((0.348, -0.036), 0)": 0, "((0.348, -0.036), 1)": 0, "((0.376, -0.26), 0)": 0, "((0.376, -0.26), 1)": 0, "((0.348, -0.26), 0)": 0, "((0.348, -0.26), 1)": 0, "((0.264, 0.076), 0)": 0, "((0.264, 0.076), 1)": -4.2, "((0.46, 0.076), 0)": 0, "((0.46, 0.076), 1)": -1.9000000000000001, "((0.46, -0.148), 0)": 0, "((0.46, -0.148), 1)": 0, "((0.376, -0.036), 0)": 0, "((0.376, -0.036), 1)": 0, "((0.32, 0.3), 0)": 0, "((0.32, 0.3), 1)": 3.0, "((0.068, -0.26), 0)": 0, "((0.068, -0.26), 1)": 0, "((0.348, 0.3), 0)": 0, "((0.348, 0.3), 1)": -1.9000000000000001, "((0.18, 0.076), 0)": 0, "((0.18, 0.076), 1)": 10.0, "((0.012, -0.148), 0)": 0, "((0.012, -0.148), 1)": 0, "((0.152, -0.148), 0)": 0, "((0.152, -0.148), 1)": 0, "((0.152, -0.26), 0)": 0, "((0.152, -0.26), 1)": 0, "((0.236, -0.036), 0)": 0, "((0.236, -0.036), 1)": 0, "((0.236, 0.076), 0)": 0, "((0.236, 0.076), 1)": 10.0, "((0.096, -0.148), 0)": 0, "((0.096, -0.148), 1)": 0, "((0.292, 0.076), 0)": 0, "((0.292, 0.076), 1)": 10.0, "((0.208, -0.26), 0)": 0, "((0.208, -0.26), 1)": 0, "((0.488, -0.26), 0)": 0, "((0.488, -0.26), 1)": 0, "((0.208, -0.148), 0)": 0, "((0.208, -0.148), 1)": 0, "((0.32, -0.148), 0)": 0, "((0.32, -0.148), 1)": 0, "((0.348, 0.076), 0)": 0, "((0.348, 0.076), 1)": 10.0, "((0.348, -0.148), 0)": 0, "((0.348, -0.148), 1)": 0, "((0.264, -0.036), 0)": 0, "((0.264, -0.036), 1)": 0, "((0.236, -0.26), 0)": 0, "((0.236, -0.26), 1)": 0, "((0.432, -0.26), 0)": 0, "((0.432, -0.26), 1)": 0, "((0.292, 0.3), 0)": 0, "((0.292, 0.3), 1)": 2.1, "((0.124, 0.076), 0)": 0, "((0.124, 0.076), 1)": -10.0, "((-0.016, -0.148), 0)": 0, "((-0.016, -0.148), 1)": 0, "((0.124, -0.148), 0)": 0, "((0.124, -0.148), 1)": 0, "((0.068, 0.076), 0)": 0, "((0.068, 0.076), 1)": -10.0, "((-0.044, -0.148), 0)": 0, "((-0.044, -0.148), 1)": 0, "((0.18, -0.036), 0)": 0, "((0.18, -0.036), 1)": 0, "((0.376, -0.148), 0)": 0, "((0.376, -0.148), 1)": 0, "((0.096, -0.26), 0)": 0, "((0.096, -0.26), 1)": 0, "((0.124, -0.26), 0)": 0, "((0.124, -0.26), 1)": 0, "((0.376, 0.3), 0)": 0, "((0.376, 0.3), 1)": 3.0, "((0.068, -0.148), 0)": 0, "((0.068, -0.148), 1)": 0, "((0.208, -0.036), 0)": 0, "((0.208, -0.036), 1)": 0, "((0.152, 0.076), 0)": 0, "((0.152, 0.076), 1)": -10.0, "((0.124, -0.036), 0)": 0, "((0.124, -0.036), 1)": 0, "((0.208, 0.3), 0)": 0, "((0.208, 0.3), 1)": 6.5, "((0.04, 0.076), 0)": 0, "((0.04, 0.076), 1)": -10.0, "((0.264, 0.3), 0)": 0, "((0.264, 0.3), 1)": 10.0, "((0.012, -0.26), 0)": 0, "((0.012, -0.26), 1)": 0, "((0.096, 0.3), 0)": 0, "((0.096, 0.3), 1)": -10.0, "((-0.016, 0.076), 0)": 0, "((-0.016, 0.076), 1)": 0, "((0.6, -0.26), 0)": 0, "((0.6, -0.26), 1)": 0, "((0.18, -0.26), 0)": 0, "((0.18, -0.26), 1)": 0, "((0.04, -0.26), 0)": 0, "((0.04, -0.26), 1)": 0, "((0.236, 0.3), 0)": 0, "((0.236, 0.3), 1)": -2.8000000000000003, "((0.096, 0.076), 0)": 0, "((0.096, 0.076), 1)": -10.0, "((0.152, -0.036), 0)": 0, "((0.152, -0.036), 1)": 0, "((0.18, 0.3), 0)": 0, "((0.18, 0.3), 1)": -2.8000000000000003, "((-0.1, -0.26), 0)": 0, "((-0.1, -0.26), 1)": 0, "((0.04, -0.036), 0)": 0, "((0.04, -0.036), 1)": 0, "((0.012, 0.076), 0)": 0, "((0.012, 0.076), 1)": -10.0, "((-0.1, -0.148), 0)": 0, "((-0.1, -0.148), 1)": 0, "((0.012, 0.3), 0)": 0, "((0.012, 0.3), 1)": -10.0, "((-0.156, 0.076), 0)": 0, "((-0.156, 0.076), 1)": 0, "((0.124, 0.3), 0)": 0, "((0.124, 0.3), 1)": 3.7, "((-0.044, 0.076), 0)": 0, "((-0.044, 0.076), 1)": 0, "((0.096, -0.036), 0)": 0, "((0.096, -0.036), 1)": 0, "((-0.128, -0.148), 0)": 0, "((-0.128, -0.148), 1)": 0, "((-0.016, -0.26), 0)": 0, "((-0.016, -0.26), 1)": 0, "((0.152, 0.3), 0)": 0, "((0.152, 0.3), 1)": 10.0, "((-0.016, 0.3), 0)": 0, "((-0.016, 0.3), 1)": 0, "((-0.072, -0.148), 0)": 0, "((-0.072, -0.148), 1)": 0, "((-0.072, 0.076), 0)": 0, "((-0.072, 0.076), 1)": 0, "((-0.044, -0.036), 0)": 0, "((-0.044, -0.036), 1)": 0, "((0.6, -0.148), 0)": 0, "((0.6, -0.148), 1)": 0, "((-0.072, -0.26), 0)": 0, "((-0.072, -0.26), 1)": 0, "((-0.044, -0.26), 0)": 0, "((-0.044, -0.26), 1)": 0, "((0.012, -0.036), 0)": 0, "((0.012, -0.036), 1)": 0, "((0.068, 0.3), 0)": 0, "((0.068, 0.3), 1)": -10.0, "((-0.1, -0.036), 0)": 0, "((-0.1, -0.036), 1)": 0, "((-0.156, -0.148), 0)": 0, "((-0.156, -0.148), 1)": 0, "((-0.1, 0.076), 0)": 0, "((-0.1, 0.076), 1)": 0}