{"((0.96, -0.3), 0)": 0, "((0.96, -0.3), 1)": 0, "((0.96, -0.3), 2)": 0, "((1.0, 0.3), 2)": 10.0, "((1.0, 0.3), 0)": 0, "((1.0, 0.3), 1)": 0, "((1.0, -0.3), 0)": 0, "((1.0, -0.3), 1)": 0, "((1.0, -0.3), 2)": 0, "((0.96, 0.3), 0)": 0, "((0.96, 0.3), 1)": 0, "((0.96, 0.3), 2)": -0.82, "((1.044, 0.3), 0)": 0, "((1.044, 0.3), 1)": 0, "((1.044, 0.3), 2)": 1.7000000000000002, "((1.112, 0.3), 0)": 0, "((1.112, 0.3), 1)": 0, "((1.112, 0.3), 2)": 10.0, "((1.184, 0.3), 0)": 0, "((1.184, 0.3), 1)": 0, "((1.184, 0.3), 2)": 10.0, "((1.264, 0.3), 0)": 0, "((1.264, 0.3), 1)": 0, "((1.264, 0.3), 2)": 3.0, "((1.216, 0.3), 0)": 0, "((1.216, 0.3), 1)": 0, "((1.216, 0.3), 2)": -0.1, "((1.296, 0.3), 0)": 0, "((1.296, 0.3), 1)": 0, "((1.296, 0.3), 2)": 10.0, "((1.384, 0.3), 0)": 0, "((1.384, 0.3), 1)": 0, "((1.384, 0.3), 2)": 3.1, "((1.472, 0.3), 0)": 0, "((1.472, 0.3), 1)": 0, "((1.472, 0.3), 2)": 10.0, "((1.544, 0.3), 0)": 0, "((1.544, 0.3), 1)": 0, "((1.544, 0.3), 2)": 2.0, "((1.624, 0.3), 0)": 0, "((1.624, 0.3), 1)": 0, "((1.624, 0.3), 2)": 2.0, "((1.704, 0.3), 0)": 0, "((1.704, 0.3), 1)": 0, "((1.704, 0.3), 2)": 2.2, "((1.792, 0.3), 0)": 0, "((1.792, 0.3), 1)": 0, "((1.792, 0.3), 2)": 2.2, "((1.88, 0.3), 0)": 0, "((1.88, 0.3), 1)": 0, "((1.88, 0.3), 2)": 2.2, "((1.968, 0.3), 0)": 0, "((1.968, 0.3), 1)": 0, "((1.968, 0.3), 2)": 2.0, "((2.048, 0.3), 0)": 0, "((2.048, 0.3), 1)": 0, "((2.048, 0.3), 2)": 2.0, "((2.128, 0.3), 0)": 0, "((2.128, 0.3), 1)": 0, "((2.128, 0.3), 2)": 2.2, "((2.216, 0.3), 0)": 0, "((2.216, 0.3), 1)": 0, "((2.216, 0.3), 2)": 2.0, "((2.296, 0.3), 0)": 0, "((2.296, 0.3), 1)": 0, "((2.296, 0.3), 2)": 10.0, "((2.248, -0.624), 0)": 0, "((2.248, -0.624), 1)": 0, "((2.248, -0.624), 2)": 0, "((1.08, 0.3), 0)": 0, "((1.08, 0.3), 1)": 0, "((1.08, 0.3), 2)": 0.1, "((1.168, 0.3), 0)": 0, "((1.168, 0.3), 1)": 0, "((1.168, 0.3), 2)": 10.0, "((1.248, 0.3), 0)": 0, "((1.248, 0.3), 1)": 0, "((1.248, 0.3), 2)": -0.1, "((1.328, 0.3), 0)": 0, "((1.328, 0.3), 1)": 0, "((1.328, 0.3), 2)": -1.00218, "((1.416, 0.3), 0)": 0, "((1.416, 0.3), 1)": 0, "((1.416, 0.3), 2)": 10.0, "((1.488, 0.3), 0)": 0, "((1.488, 0.3), 1)": 0, "((1.488, 0.3), 2)": 2.0, "((1.568, 0.3), 0)": 0, "((1.568, 0.3), 1)": 0, "((1.568, 0.3), 2)": 10.0, "((1.648, 0.3), 0)": 0, "((1.648, 0.3), 1)": 0, "((1.648, 0.3), 2)": 2.0, "((1.728, 0.3), 0)": 0, "((1.728, 0.3), 1)": 0, "((1.728, 0.3), 2)": 10.0, "((1.808, 0.3), 0)": 0, "((1.808, 0.3), 1)": 0, "((1.808, 0.3), 2)": 2.2, "((1.896, 0.3), 0)": 0, "((1.896, 0.3), 1)": 0, "((1.896, 0.3), 2)": 2.2, "((1.984, 0.3), 0)": 0, "((1.984, 0.3), 1)": 0, "((1.984, 0.3), 2)": 10.0, "((2.056, 0.3), 0)": 0, "((2.056, 0.3), 1)": 0, "((2.056, 0.3), 2)": 2.2, "((2.144, 0.3), 0)": 0, "((2.144, 0.3), 1)": 0, "((2.144, 0.3), 2)": 10.0, "((2.144, -0.396), 0)": 0, "((2.144, -0.396), 1)": 0, "((2.144, -0.396), 2)": 0, "((1.0, -0.396), 0)": 0, "((1.0, -0.396), 1)": 0, "((1.0, -0.396), 2)": 0, "((0.952, 0.3), 0)": 0, "((0.952, 0.3), 1)": 0, "((0.952, 0.3), 2)": 10.0, "((1.032, 0.3), 0)": 0, "((1.032, 0.3), 1)": 0, "((1.032, 0.3), 2)": 2.043, "((1.12, 0.3), 0)": 0, "((1.12, 0.3), 1)": 0, "((1.12, 0.3), 2)": -1.01919, "((1.2, 0.3), 0)": 0, "((1.2, 0.3), 1)": 0, "((1.2, 0.3), 2)": -0.8, "((1.28, 0.3), 0)": 0, "((1.28, 0.3), 1)": 0, "((1.28, 0.3), 2)": 10.0, "((1.368, 0.3), 0)": 0, "((1.368, 0.3), 1)": 0, "((1.368, 0.3), 2)": 10.0, "((1.456, 0.3), 0)": 0, "((1.456, 0.3), 1)": 0, "((1.456, 0.3), 2)": 3.0, "((1.576, 0.3), 0)": 0, "((1.576, 0.3), 1)": 0, "((1.576, 0.3), 2)": 2.0, "((1.656, 0.3), 0)": 0, "((1.656, 0.3), 1)": 0, "((1.656, 0.3), 2)": 1.9800000000000002, "((1.696, -0.396), 0)": 0, "((1.696, -0.396), 1)": 0, "((1.696, -0.396), 2)": 0, "((1.04, -0.396), 0)": 0, "((1.04, -0.396), 1)": 0, "((1.04, -0.396), 2)": 0, "((0.96, -0.396), 0)": 0, "((0.96, -0.396), 1)": 0, "((0.96, -0.396), 2)": 0, "((0.968, -0.396), 0)": 0, "((0.968, -0.396), 1)": 0, "((0.968, -0.396), 2)": 0, "((0.928, -0.396), 0)": 0, "((0.928, -0.396), 1)": 0, "((0.928, -0.396), 2)": 0, "((1.088, 0.3), 0)": 0, "((1.088, 0.3), 1)": 0, "((1.088, 0.3), 2)": 2.9000000000000004, "((1.168, -0.396), 0)": 0, "((1.168, -0.396), 1)": 0, "((1.168, -0.396), 2)": 0, "((0.912, 0.3), 0)": 0, "((0.912, 0.3), 1)": 0, "((0.912, 0.3), 2)": 10.0, "((0.992, 0.3), 0)": 0, "((0.992, 0.3), 1)": 0, "((0.992, 0.3), 2)": 10.0, "((1.048, 0.3), 0)": 0, "((1.048, 0.3), 1)": 0, "((1.048, 0.3), 2)": 10.0, "((1.056, -0.396), 0)": 0, "((1.056, -0.396), 1)": 0, "((1.056, -0.396), 2)": 0, "((1.16, 0.3), 0)": 0, "((1.16, 0.3), 1)": 0, "((1.16, 0.3), 2)": 10.0, "((1.208, 0.3), 0)": 0, "((1.208, 0.3), 1)": 0, "((1.208, 0.3), 2)": 10.0, "((1.248, -0.624), 0)": 0, "((1.248, -0.624), 1)": 0, "((1.248, -0.624), 2)": 0, "((0.952, -0.396), 0)": 0, "((0.952, -0.396), 1)": 0, "((0.952, -0.396), 2)": 0, "((0.968, 0.3), 0)": 0, "((0.968, 0.3), 1)": 0, "((0.968, 0.3), 2)": 0.1, "((1.056, 0.3), 0)": 0, "((1.056, 0.3), 1)": 0, "((1.056, 0.3), 2)": 10.0, "((1.136, 0.3), 0)": 0, "((1.136, 0.3), 1)": 0, "((1.136, 0.3), 2)": 10.0, "((1.136, -0.396), 0)": 0, "((1.136, -0.396), 1)": 0, "((1.136, -0.396), 2)": 0, "((1.032, -0.396), 0)": 0, "((1.032, -0.396), 1)": 0, "((1.032, -0.396), 2)": 0, "((1.072, 0.3), 0)": 0, "((1.072, 0.3), 1)": 0, "((1.072, 0.3), 2)": 10.0, "((0.92, 0.3), 0)": 0, "((0.92, 0.3), 1)": 0, "((0.92, 0.3), 2)": 10.0, "((1.024, -0.396), 0)": 0, "((1.024, -0.396), 1)": 0, "((1.024, -0.396), 2)": 0, "((0.92, -0.396), 0)": 0, "((0.92, -0.396), 1)": 0, "((0.92, -0.396), 2)": 0, "((1.144, 0.3), 0)": 0, "((1.144, 0.3), 1)": 0, "((1.144, 0.3), 2)": 10.0, "((0.912, -0.396), 0)": 0, "((0.912, -0.396), 1)": 0, "((0.912, -0.396), 2)": 0, "((1.176, 0.3), 0)": 0, "((1.176, 0.3), 1)": 0, "((1.176, 0.3), 2)": 10.0, "((1.256, 0.3), 0)": 0, "((1.256, 0.3), 1)": 0, "((1.256, 0.3), 2)": 10.0, "((1.344, 0.3), 0)": 0, "((1.344, 0.3), 1)": 0, "((1.344, 0.3), 2)": 1.9620000000000002, "((1.376, -0.396), 0)": 0, "((1.376, -0.396), 1)": 0, "((1.376, -0.396), 2)": 0, "((1.048, -0.396), 0)": 0, "((1.048, -0.396), 1)": 0, "((1.048, -0.396), 2)": 0, "((1.192, 0.3), 0)": 0, "((1.192, 0.3), 1)": 0, "((1.192, 0.3), 2)": 10.0, "((1.272, 0.3), 0)": 0, "((1.272, 0.3), 1)": 0, "((1.272, 0.3), 2)": 10.0, "((1.352, 0.3), 0)": 0, "((1.352, 0.3), 1)": 0, "((1.352, 0.3), 2)": 10.0, "((1.44, 0.3), 0)": 0, "((1.44, 0.3), 1)": 0, "((1.44, 0.3), 2)": 2.2, "((1.528, 0.3), 0)": 0, "((1.528, 0.3), 1)": 0, "((1.528, 0.3), 2)": 2.0, "((1.608, 0.3), 0)": 0, "((1.608, 0.3), 1)": 0, "((1.608, 0.3), 2)": 1.8, "((1.68, 0.3), 0)": 0, "((1.68, 0.3), 1)": 0, "((1.68, 0.3), 2)": 2.0, "((1.76, 0.3), 0)": 0, "((1.76, 0.3), 1)": 0, "((1.76, 0.3), 2)": 1.8, "((1.832, 0.3), 0)": 0, "((1.832, 0.3), 1)": 0, "((1.832, 0.3), 2)": 2.0, "((1.912, 0.3), 0)": 0, "((1.912, 0.3), 1)": 0, "((1.912, 0.3), 2)": 2.0, "((1.992, 0.3), 0)": 0, "((1.992, 0.3), 1)": 0, "((1.992, 0.3), 2)": 1.8, "((2.064, 0.3), 0)": 0, "((2.064, 0.3), 1)": 0, "((2.064, 0.3), 2)": 2.2, "((2.152, 0.3), 0)": 0, "((2.152, 0.3), 1)": 0, "((2.152, 0.3), 2)": 2.2, "((2.24, 0.3), 0)": 0, "((2.24, 0.3), 1)": 0, "((2.24, 0.3), 2)": 1.8, "((2.312, 0.3), 0)": 0, "((2.312, 0.3), 1)": 0, "((2.312, 0.3), 2)": 2.2, "((2.4, 0.3), 0)": 0, "((2.4, 0.3), 1)": 0, "((2.4, 0.3), 2)": 3.0, "((2.52, 0.3), 0)": 0, "((2.52, 0.3), 1)": 0, "((2.52, 0.3), 2)": 10.0, "((2.48, -0.396), 0)": 0, "((2.48, -0.396), 1)": 0, "((2.48, -0.396), 2)": 0, "((0.904, -0.396), 0)": 0, "((0.904, -0.396), 1)": 0, "((0.904, -0.396), 2)": 0, "((1.08, -0.396), 0)": 0, "((1.08, -0.396), 1)": 0, "((1.08, -0.396), 2)": 0, "((0.88, 0.3), 0)": 0, "((0.88, 0.3), 1)": 0, "((0.88, 0.3), 2)": -0.791, "((0.928, 0.3), 0)": 0, "((0.928, 0.3), 1)": 0, "((0.928, 0.3), 2)": 10.0, "((1.008, 0.3), 0)": 0, "((1.008, 0.3), 1)": 0, "((1.008, 0.3), 2)": 2.0, "((1.008, -0.396), 0)": 0, "((1.008, -0.396), 1)": 0, "((1.008, -0.396), 2)": 0, "((1.152, 0.3), 0)": 0, "((1.152, 0.3), 1)": 0, "((1.152, 0.3), 2)": 0.1, "((1.24, 0.3), 0)": 0, "((1.24, 0.3), 1)": 0, "((1.24, 0.3), 2)": -0.521, "((1.36, 0.3), 0)": 0,