{"((1.0, 0.3), 0)": 0, "((1.0, 0.3), 1)": 0, "((1.0, 0.3), 2)": 10.0, "((1.12, 0.3), 0)": 0, "((1.12, 0.3), 1)": 0, "((1.12, 0.3), 2)": 10.0, "((1.068, 0.3), 0)": 0, "((1.068, 0.3), 1)": 0, "((1.068, 0.3), 2)": 10.0, "((1.068, -1.408), 0)": 0, "((1.068, -1.408), 1)": 0, "((1.068, -1.408), 2)": 0, "((1.0, -1.408), 0)": 0, "((1.0, -1.408), 1)": 0, "((1.0, -1.408), 2)": 0, "((0.828, -1.408), 0)": 0, "((0.828, -1.408), 1)": 0, "((0.828, -1.408), 2)": 0, "((1.24, 0.3), 0)": 0, "((1.24, 0.3), 1)": 0, "((1.24, 0.3), 2)": 10.0, "((1.36, 0.3), 0)": 0, "((1.36, 0.3), 1)": 0, "((1.36, 0.3), 2)": 10.0, "((1.48, 0.3), 0)": 0, "((1.48, 0.3), 1)": 0, "((1.48, 0.3), 2)": 3.0, "((1.6, 0.3), 0)": 0, "((1.6, 0.3), 1)": 0, "((1.6, 0.3), 2)": 3.0, "((1.72, 0.3), 0)": 0, "((1.72, 0.3), 1)": 0, "((1.72, 0.3), 2)": 3.0, "((1.84, 0.3), 0)": 0, "((1.84, 0.3), 1)": 0, "((1.84, 0.3), 2)": 3.0, "((1.96, 0.3), 0)": 0, "((1.96, 0.3), 1)": 0, "((1.96, 0.3), 2)": 3.0, "((2.08, 0.3), 0)": 0, "((2.08, 0.3), 1)": 0, "((2.08, 0.3), 2)": 3.0, "((2.2, 0.3), 0)": 0, "((2.2, 0.3), 1)": 0, "((2.2, 0.3), 2)": 3.0, "((2.32, 0.3), 0)": 0, "((2.32, 0.3), 1)": 0, "((2.32, 0.3), 2)": 10.0, "((2.44, 0.3), 0)": 0, "((2.44, 0.3), 1)": 0, "((2.44, 0.3), 2)": 3.0, "((2.56, 0.3), 0)": 0, "((2.56, 0.3), 1)": 0, "((2.56, 0.3), 2)": 3.0, "((2.68, 0.3), 0)": 0, "((2.68, 0.3), 1)": 0, "((2.68, 0.3), 2)": 3.0, "((2.8, 0.3), 0)": 0, "((2.8, 0.3), 1)": 0, "((2.8, 0.3), 2)": 3.0, "((2.92, 0.3), 0)": 0, "((2.92, 0.3), 1)": 0, "((2.92, 0.3), 2)": 3.0, "((3.04, 0.3), 0)": 0, "((3.04, 0.3), 1)": 0, "((3.04, 0.3), 2)": 3.0, "((3.16, 0.3), 0)": 0, "((3.16, 0.3), 1)": 0, "((3.16, 0.3), 2)": 10.0, "((3.16, -1.44), 0)": 0, "((3.16, -1.44), 1)": 0, "((3.16, -1.44), 2)": 0, "((1.0, -1.44), 0)": 0, "((1.0, -1.44), 1)": 0, "((1.0, -1.44), 2)": 0, "((0.832, 0.3), 0)": 0, "((0.832, 0.3), 1)": 0, "((0.832, 0.3), 2)": 10.0, "((0.952, 0.3), 0)": 0, "((0.952, 0.3), 1)": 0, "((0.952, 0.3), 2)": 3.9000000000000004, "((0.904, 0.3), 0)": 0, "((0.904, 0.3), 1)": 0, "((0.904, 0.3), 2)": 10.0, "((1.024, 0.3), 0)": 0, "((1.024, 0.3), 1)": 0, "((1.024, 0.3), 2)": -1.2000000000000002, "((0.976, 0.3), 0)": 0, "((0.976, 0.3), 1)": 0, "((0.976, 0.3), 2)": 10.0, "((1.096, 0.3), 0)": 0, "((1.096, 0.3), 1)": 0, "((1.096, 0.3), 2)": 3.0, "((1.216, 0.3), 0)": 0, "((1.216, 0.3), 1)": 0, "((1.216, 0.3), 2)": 3.0, "((1.336, 0.3), 0)": 0, "((1.336, 0.3), 1)": 0, "((1.336, 0.3), 2)": 3.0, "((1.456, 0.3), 0)": 0, "((1.456, 0.3), 1)": 0, "((1.456, 0.3), 2)": 3.0, "((1.576, 0.3), 0)": 0, "((1.576, 0.3), 1)": 0, "((1.576, 0.3), 2)": 3.0, "((1.696, 0.3), 0)": 0, "((1.696, 0.3), 1)": 0, "((1.696, 0.3), 2)": 3.0, "((1.816, 0.3), 0)": 0, "((1.816, 0.3), 1)": 0, "((1.816, 0.3), 2)": 3.0, "((1.936, 0.3), 0)": 0, "((1.936, 0.3), 1)": 0, "((1.936, 0.3), 2)": 3.0, "((2.056, 0.3), 0)": 0, "((2.056, 0.3), 1)": 0, "((2.056, 0.3), 2)": -1.2000000000000002, "((2.008, 0.3), 0)": 0, "((2.008, 0.3), 1)": 0, "((2.008, 0.3), 2)": 3.0, "((2.128, 0.3), 0)": 0, "((2.128, 0.3), 1)": 0, "((2.128, 0.3), 2)": 3.0, "((2.248, 0.3), 0)": 0, "((2.248, 0.3), 1)": 0, "((2.248, 0.3), 2)": 3.0, "((2.368, 0.3), 0)": 0, "((2.368, 0.3), 1)": 0, "((2.368, 0.3), 2)": -0.9300000000000002, "((2.32, -1.44), 0)": 0, "((2.32, -1.44), 1)": 0, "((2.32, -1.44), 2)": 0, "((1.12, -1.44), 0)": 0, "((1.12, -1.44), 1)": 0, "((1.12, -1.44), 2)": 0, "((0.832, -1.44), 0)": 0, "((0.832, -1.44), 1)": 0, "((0.832, -1.44), 2)": 0, "((1.072, 0.3), 0)": 0, "((1.072, 0.3), 1)": 0, "((1.072, 0.3), 2)": 10.0, "((1.192, 0.3), 0)": 0, "((1.192, 0.3), 1)": 0, "((1.192, 0.3), 2)": -1.2000000000000002, "((1.144, 0.3), 0)": 0, "((1.144, 0.3), 1)": 0, "((1.144, 0.3), 2)": 3.0, "((1.264, 0.3), 0)": 0, "((1.264, 0.3), 1)": 0, "((1.264, 0.3), 2)": 3.0, "((1.384, 0.3), 0)": 0, "((1.384, 0.3), 1)": 0, "((1.384, 0.3), 2)": 3.0, "((1.504, 0.3), 0)": 0, "((1.504, 0.3), 1)": 0, "((1.504, 0.3), 2)": 3.0, "((1.624, 0.3), 0)": 0, "((1.624, 0.3), 1)": 0, "((1.624, 0.3), 2)": 3.0, "((1.744, 0.3), 0)": 0, "((1.744, 0.3), 1)": 0, "((1.744, 0.3), 2)": 3.0, "((1.864, 0.3), 0)": 0, "((1.864, 0.3), 1)": 0, "((1.864, 0.3), 2)": 3.0, "((1.984, 0.3), 0)": 0, "((1.984, 0.3), 1)": 0, "((1.984, 0.3), 2)": 3.0, "((2.104, 0.3), 0)": 0, "((2.104, 0.3), 1)": 0, "((2.104, 0.3), 2)": 3.0, "((2.224, 0.3), 0)": 0, "((2.224, 0.3), 1)": 0, "((2.224, 0.3), 2)": 3.0, "((2.344, 0.3), 0)": 0, "((2.344, 0.3), 1)": 0, "((2.344, 0.3), 2)": 3.0, "((2.464, 0.3), 0)": 0, "((2.464, 0.3), 1)": 0, "((2.464, 0.3), 2)": 3.0, "((2.584, 0.3), 0)": 0, "((2.584, 0.3), 1)": 0, "((2.584, 0.3), 2)": 3.0, "((2.704, 0.3), 0)": 0, "((2.704, 0.3), 1)": 0, "((2.704, 0.3), 2)": 3.0, "((2.824, 0.3), 0)": 0, "((2.824, 0.3), 1)": 0, "((2.824, 0.3), 2)": 3.0, "((2.944, 0.3), 0)": 0, "((2.944, 0.3), 1)": 0, "((2.944, 0.3), 2)": -1.2000000000000002, "((2.896, 0.3), 0)": 0, "((2.896, 0.3), 1)": 0, "((2.896, 0.3), 2)": 3.0, "((3.016, 0.3), 0)": 0, "((3.016, 0.3), 1)": 0, "((3.016, 0.3), 2)": 3.0, "((3.136, 0.3), 0)": 0, "((3.136, 0.3), 1)": 0, "((3.136, 0.3), 2)": 3.0, "((3.256, 0.3), 0)": 0, "((3.256, 0.3), 1)": 0, "((3.256, 0.3), 2)": -1.2000000000000002, "((3.208, 0.3), 0)": 0, "((3.208, 0.3), 1)": 0, "((3.208, 0.3), 2)": 3.0, "((3.328, 0.3), 0)": 0, "((3.328, 0.3), 1)": 0, "((3.328, 0.3), 2)": 3.0, "((3.448, 0.3), 0)": 0, "((3.448, 0.3), 1)": 0, "((3.448, 0.3), 2)": 3.0, "((3.568, 0.3), 0)": 0, "((3.568, 0.3), 1)": 0, "((3.568, 0.3), 2)": 3.0, "((3.688, 0.3), 0)": 0, "((3.688, 0.3), 1)": 0, "((3.688, 0.3), 2)": -1.2000000000000002, "((3.64, 0.3), 0)": 0, "((3.64, 0.3), 1)": 0, "((3.64, 0.3), 2)": 3.0, "((3.76, 0.3), 0)": 0, "((3.76, 0.3), 1)": 0, "((3.76, 0.3), 2)": 3.0, "((3.88, 0.3), 0)": 0, "((3.88, 0.3), 1)": 0, "((3.88, 0.3), 2)": 3.0, "((4.0, 0.3), 0)": 0, "((4.0, 0.3), 1)": 0, "((4.0, 0.3), 2)": 3.0, "((4.12, 0.3), 0)": 0, "((4.12, 0.3), 1)": 0, "((4.12, 0.3), 2)": 3.0, "((4.24, 0.3), 0)": 0, "((4.24, 0.3), 1)": 0, "((4.24, 0.3), 2)": 3.0, "((4.36, 0.3), 0)": 0, "((4.36, 0.3), 1)": 0, "((4.36, 0.3), 2)": 3.0, "((4.48, 0.3), 0)": 0, "((4.48, 0.3), 1)": 0, "((4.48, 0.3), 2)": 3.0, "((4.6, 0.3), 0)": 0, "((4.6, 0.3), 1)": 0, "((4.6, 0.3), 2)": 3.0, "((4.72, 0.3), 0)": 0, "((4.72, 0.3), 1)": 0, "((4.72, 0.3), 2)": 3.0, "((4.84, 0.3), 0)": 0, "((4.84, 0.3), 1)": 0, "((4.84, 0.3), 2)": 3.0, "((4.96, 0.3), 0)": 0, "((4.96, 0.3), 1)": 0, "((4.96, 0.3), 2)": 3.0, "((5.08, 0.3), 0)": 0, "((5.08, 0.3), 1)": 0, "((5.08, 0.3), 2)": 3.0, "((5.2, 0.3), 0)": 0, "((5.2, 0.3), 1)": 0, "((5.2, 0.3), 2)": 3.0, "((5.32, 0.3), 0)": 0, "((5.32, 0.3), 1)": 0, "((5.32, 0.3), 2)": 3.0, "((5.44, 0.3), 0)": 0, "((5.44, 0.3), 1)": 0, "((5.44, 0.3), 2)": 3.0, "((5.56, 0.3), 0)": 0, "((5.56, 0.3), 1)": 0, "((5.56, 0.3), 2)": 3.0, "((5.68, 0.3), 0)": 0, "((5.68, 0.3), 1)": 0, "((5.68, 0.3), 2)": 0.0, "((5.8, 0.3), 0)": 0, "((5.8, 0.3), 1)": 0, "((5.8, 0.3), 2)": 0, "((1.24, -1.44), 0)": 0, "((1.24, -1.44), 1)": 0, "((1.24, -1.44), 2)": 0, "((0.952, -1.44), 0)": 0, "((0.952, -1.44), 1)": 0, "((0.952, -1.44), 2)": 0, "((1.0, -2.02), 0)": 0, "((1.0, -2.02), 1)": 0, "((1.0, -2.02), 2)": 0, "((0.664, -1.44), 0)": 0, "((0.664, -1.44), 1)": 0, "((0.664, -1.44), 2)": 0, "((0.784, -1.44), 0)": 0, "((0.784, -1.44), 1)": 0, "((0.784, -1.44), 2)": 0, "((1.072, -1.44), 0)": 0, "((1.072, -1.44), 1)": 0, "((1.072, -1.44), 2)": 0, "((0.952, -2.02), 0)": 0, "((0.952, -2.02), 1)": 0, "((0.952, -2.02), 2)": 0, "((1.12, -2.02), 0)": 0, "((1.12, -2.02), 1)": 0, "((1.12, -2.02), 2)": 0, "((0.784, 0.3), 0)": 0, "((0.784, 0.3), 1)": 0, "((0.784, 0.3), 2)": 10.0, "((0.736, 0.3), 0)": 0, "((0.736, 0.3), 1)": 0, "((0.736, 0.3), 2)": 3.0, "((0.856, 0.3), 0)": 0, "((0.856, 0.3), 1)": 0, "((0.856, 0.3), 2)": 3.2700000000000005, "((0.976, -1.44), 0)": 0, "((0.976, -1.44), 1)": 0, "((0.976, -1.44), 2)": 0, "((0.904, -1.44), 0)": 0, "((0.904, -1.44), 1)": 0, "((0.904, -1.44), 2)": 0, "((1.36, -1.44), 0)": 0, "((1.36, -1.44), 1)": 0, "((1.36, -1.44), 2)": 0, "((0.664, 0.3), 0)": 0, "((0.664, 0.3), 1)": 0, "((0.664, 0.3), 2)": 10.0,