{"((0.4, 0.6), 0)": 0, "((0.4, 0.6), 1)": -10.0, "((-0.56, 0.4), 0)": 0, "((-0.56, 0.4), 1)": 0, "((0.4, 0.4), 0)": 0, "((0.4, 0.4), 1)": -10.0, "((-0.24, 0.2), 0)": 0, "((-0.24, 0.2), 1)": 0, "((0.4, 0.496), 0)": 0, "((0.4, 0.496), 1)": -10.0, "((-0.56, 0.496), 0)": 0, "((-0.56, 0.496), 1)": 0, "((-0.24, 0.496), 0)": 0, "((-0.24, 0.496), 1)": 0, "((-0.704, 0.228), 0)": 0, "((-0.704, 0.228), 1)": 0, "((-0.336, 0.6), 0)": 0, "((-0.336, 0.6), 1)": 0, "((-0.384, 0.6), 0)": 0, "((-0.384, 0.6), 1)": 0, "((-0.776, 0.516), 0)": 0, "((-0.776, 0.516), 1)": 0, "((-0.776, 0.436), 0)": 0, "((-0.776, 0.436), 1)": 0, "((-0.384, 0.436), 0)": 0, "((-0.384, 0.436), 1)": 0, "((0.4, 0.436), 0)": 0, "((0.4, 0.436), 1)": 3.9000000000000004, "((0.4, 0.516), 0)": 0, "((0.4, 0.516), 1)": -10.0, "((-0.384, 0.516), 0)": 0, "((-0.384, 0.516), 1)": 0, "((-0.384, 0.272), 0)": 0, "((-0.384, 0.272), 1)": 0, "((-0.776, 0.6), 0)": 0, "((-0.776, 0.6), 1)": 0, "((0.4, 0.28), 0)": 0, "((0.4, 0.28), 1)": 3.9000000000000004, "((0.4, 0.124), 0)": 0, "((0.4, 0.124), 1)": 10.0, "((0.4, -0.032), 0)": 0, "((0.4, -0.032), 1)": 0, "((-0.8, 0.6), 0)": 0, "((-0.8, 0.6), 1)": 0, "((0.4, 0.444), 0)": 0, "((0.4, 0.444), 1)": 2.4898800000000003, "((0.4, 0.288), 0)": 0, "((0.4, 0.288), 1)": -10.0, "((0.4, 0.132), 0)": 0, "((0.4, 0.132), 1)": -10.0, "((-0.8, -0.024), 0)": 0, "((-0.8, -0.024), 1)": 0, "((-0.8, 0.516), 0)": 0, "((-0.8, 0.516), 1)": 0, "((-0.8, 0.36), 0)": 0, "((-0.8, 0.36), 1)": 0, "((-0.4, 0.516), 0)": 0, "((-0.4, 0.516), 1)": 0, "((-0.4, 0.444), 0)": 0, "((-0.4, 0.444), 1)": 0, "((-0.4, 0.6), 0)": 0, "((-0.4, 0.6), 1)": 0, "((0.4, 0.204), 0)": 0, "((0.4, 0.204), 1)": -10.0, "((-0.8, 0.048), 0)": 0, "((-0.8, 0.048), 1)": 0, "((0.4, 0.36), 0)": 0, "((0.4, 0.36), 1)": 3.9000000000000004, "((-0.4, 0.204), 0)": 0, "((-0.4, 0.204), 1)": 0, "((-0.4, 0.432), 0)": 0, "((-0.4, 0.432), 1)": 0, "((-0.8, 0.288), 0)": 0, "((-0.8, 0.288), 1)": 0, "((0.4, 0.048), 0)": 0, "((0.4, 0.048), 1)": 10.0, "((-0.8, -0.108), 0)": 0, "((-0.8, -0.108), 1)": 0, "((-0.8, 0.444), 0)": 0, "((-0.8, 0.444), 1)": 0, "((-0.4, 0.288), 0)": 0, "((-0.4, 0.288), 1)": 0, "((0.4, 0.276), 0)": 0, "((0.4, 0.276), 1)": -10.0, "((-0.4, 0.276), 0)": 0, "((-0.4, 0.276), 1)": 0, "((0.4, 0.12), 0)": 0, "((0.4, 0.12), 1)": 10.0, "((0.4, -0.036), 0)": 0, "((0.4, -0.036), 1)": 0, "((-0.8, 0.276), 0)": 0, "((-0.8, 0.276), 1)": 0, "((-0.8, 0.432), 0)": 0, "((-0.8, 0.432), 1)": 0, "((0.4, -0.024), 0)": 0, "((0.4, -0.024), 1)": 0, "((0.4, 0.036), 0)": 0, "((0.4, 0.036), 1)": 10.0, "((-0.4, 0.036), 0)": 0, "((-0.4, 0.036), 1)": 0, "((-0.8, 0.204), 0)": 0, "((-0.8, 0.204), 1)": 0, "((-0.8, 0.192), 0)": 0, "((-0.8, 0.192), 1)": 0, "((0.4, 0.432), 0)": 0, "((0.4, 0.432), 1)": -10.0, "((-0.4, 0.12), 0)": 0, "((-0.4, 0.12), 1)": 0, "((0.4, 0.348), 0)": 0, "((0.4, 0.348), 1)": -10.0, "((-0.8, 0.348), 0)": 0, "((-0.8, 0.348), 1)": 0, "((-0.4, 0.36), 0)": 0, "((-0.4, 0.36), 1)": 0, "((-0.8, 0.036), 0)": 0, "((-0.8, 0.036), 1)": 0, "((-0.8, 0.12), 0)": 0, "((-0.8, 0.12), 1)": 0, "((-0.4, 0.192), 0)": 0, "((-0.4, 0.192), 1)": 0, "((-0.4, 0.132), 0)": 0, "((-0.4, 0.132), 1)": 0, "((-0.4, 0.048), 0)": 0, "((-0.4, 0.048), 1)": 0, "((-0.8, -0.036), 0)": 0, "((-0.8, -0.036), 1)": 0, "((-0.4, -0.024), 0)": 0, "((-0.4, -0.024), 1)": 0, "((-0.4, -0.108), 0)": 0, "((-0.4, -0.108), 1)": 0, "((-0.4, -0.036), 0)": 0, "((-0.4, -0.036), 1)": 0, "((0.4, 0.192), 0)": 0, "((0.4, 0.192), 1)": -10.0, "((0.4, 0.108), 0)": 0, "((0.4, 0.108), 1)": -10.0, "((0.4, -0.048), 0)": 0, "((0.4, -0.048), 1)": 0, "((-0.4, 0.348), 0)": 0, "((-0.4, 0.348), 1)": 0, "((-0.8, 0.132), 0)": 0, "((-0.8, 0.132), 1)": 0, "((0.4, -0.108), 0)": 0, "((0.4, -0.108), 1)": 0, "((-0.4, -0.12), 0)": 0, "((-0.4, -0.12), 1)": 0, "((-0.8, -0.12), 0)": 0, "((-0.8, -0.12), 1)": 0, "((-0.8, 0.108), 0)": 0, "((-0.8, 0.108), 1)": 0, "((0.4, -0.12), 0)": 0, "((0.4, -0.12), 1)": 0, "((-0.4, -0.048), 0)": 0, "((-0.4, -0.048), 1)": 0, "((-0.4, 0.024), 0)": 0, "((-0.4, 0.024), 1)": 0, "((-0.8, 0.024), 0)": 0, "((-0.8, 0.024), 1)": 0, "((-0.4, 0.264), 0)": 0, "((-0.4, 0.264), 1)": 0, "((-0.8, -0.048), 0)": 0, "((-0.8, -0.048), 1)": 0, "((0.4, 0.264), 0)": 0, "((0.4, 0.264), 1)": -10.0, "((0.4, 0.024), 0)": 0, "((0.4, 0.024), 1)": 10.0, "((-0.4, 0.18), 0)": 0, "((-0.4, 0.18), 1)": 0, "((-0.8, 0.264), 0)": 0, "((-0.8, 0.264), 1)": 0, "((-0.4, 0.108), 0)": 0, "((-0.4, 0.108), 1)": 0, "((0.4, 0.18), 0)": 0, "((0.4, 0.18), 1)": 3.9000000000000004, "((0.4, -0.132), 0)": 0, "((0.4, -0.132), 1)": 0}