{"((0.4, 0.84), 0)": 0, "((0.4, 0.84), 1)": 6.175000000000001, "((0.4, 1.0), 1)": 4.0, "((0.4, 0.54), 0)": 0, "((0.4, 0.54), 1)": -1.800884, "((0.4, 0.32), 0)": 0, "((0.4, 0.32), 1)": -10.0, "((-2.6, 0.32), 0)": 0, "((-2.6, 0.32), 1)": 0, "((-2.6, 1.0), 0)": 0, "((-2.6, 1.0), 1)": 0, "((0.4, 1.0), 0)": 0, "((0.4, 0.78), 0)": 0, "((0.4, 0.78), 1)": 4.36, "((0.4, 0.48), 0)": 0, "((0.4, 0.48), 1)": 4.3762, "((-2.96, 0.18), 0)": 0, "((-2.96, 0.18), 1)": 0, "((0.4, 0.92), 0)": 0, "((0.4, 0.92), 1)": 7.5, "((0.4, 0.62), 0)": 0, "((0.4, 0.62), 1)": 4.0, "((-2.6, 0.02), 0)": 0, "((-2.6, 0.02), 1)": 0, "((-2.6, 0.68), 0)": 0, "((-2.6, 0.68), 1)": 0, "((0.4, 0.38), 0)": 0, "((0.4, 0.38), 1)": 4.0, "((0.4, 0.16), 0)": 0, "((0.4, 0.16), 1)": -10.0, "((0.4, -0.14), 0)": 0, "((0.4, -0.14), 1)": 0, "((0.4, 0.76), 0)": 0, "((0.4, 0.76), 1)": 2.0, "((-2.96, 0.76), 0)": 0, "((-2.96, 0.76), 1)": 0, "((0.4, 1.08), 0)": 0, "((0.4, 1.08), 1)": 2.0, "((0.4, 1.16), 0)": 0, "((0.4, 1.16), 1)": 4.0, "((0.4, 0.86), 0)": 0, "((0.4, 0.86), 1)": -10.0, "((0.4, 0.64), 0)": 0, "((0.4, 0.64), 1)": -10.0, "((0.4, 0.34), 0)": 0, "((0.4, 0.34), 1)": 4.0, "((-2.96, 0.34), 0)": 0, "((-2.96, 0.34), 1)": 0, "((-2.96, 1.16), 0)": 0, "((-2.96, 1.16), 1)": 0, "((-2.96, 0.84), 0)": 0, "((-2.96, 0.84), 1)": 0, "((0.4, 0.68), 0)": 0, "((0.4, 0.68), 1)": 7.859999999999999, "((0.4, 0.46), 0)": 0, "((0.4, 0.46), 1)": 8.4, "((0.4, 0.0), 0)": 0, "((0.4, 0.0), 1)": 0, "((-2.96, 0.68), 0)": 0, "((-2.96, 0.68), 1)": 0, "((0.4, 0.7), 0)": 0, "((0.4, 0.7), 1)": -10.0, "((-2.96, 0.4), 0)": 0, "((-2.96, 0.4), 1)": 0, "((0.4, 0.26), 0)": 0, "((0.4, 0.26), 1)": -10.0, "((-2.96, 0.26), 0)": 0, "((-2.96, 0.26), 1)": 0, "((0.4, 0.22), 0)": 0, "((0.4, 0.22), 1)": -10.0, "((0.4, -0.08), 0)": 0, "((0.4, -0.08), 1)": 0, "((-2.96, 0.92), 0)": 0, "((-2.96, 0.92), 1)": 0, "((-2.96, 0.62), 0)": 0, "((-2.96, 0.62), 1)": 0, "((-2.96, 0.78), 0)": 0, "((-2.96, 0.78), 1)": 0, "((0.4, 0.3), 0)": 0, "((0.4, 0.3), 1)": -10.0, "((-2.96, 1.0), 0)": 0, "((-2.96, 1.0), 1)": 0, "((0.4, 0.4), 0)": 0, "((0.4, 0.4), 1)": -1.82, "((-2.6, 0.4), 0)": 0, "((-2.6, 0.4), 1)": 0, "((-2.96, 0.38), 0)": 0, "((-2.96, 0.38), 1)": 0, "((-2.96, 0.14), 0)": 0, "((-2.96, 0.14), 1)": 0, "((-2.96, 0.7), 0)": 0, "((-2.96, 0.7), 1)": 0, "((0.4, 0.24), 0)": 0, "((0.4, 0.24), 1)": 4.0, "((-2.6, 0.24), 0)": 0, "((-2.6, 0.24), 1)": 0, "((0.4, 0.02), 0)": 0, "((0.4, 0.02), 1)": -1.1, "((0.4, -0.2), 0)": 0, "((0.4, -0.2), 1)": 0, "((-2.6, 0.92), 0)": 0, "((-2.6, 0.92), 1)": 0, "((0.4, 0.08), 0)": 0, "((0.4, 0.08), 1)": -10.0, "((0.4, -0.22), 0)": 0, "((0.4, -0.22), 1)": 0, "((0.4, 0.56), 0)": 0, "((0.4, 0.56), 1)": 5.714514100000001, "((0.4, 0.04), 0)": 0, "((0.4, 0.04), 1)": 10.0, "((-2.96, -0.26), 0)": 0, "((-2.96, -0.26), 1)": 0, "((-2.96, 0.54), 0)": 0, "((-2.96, 0.54), 1)": 0, "((-2.96, 0.24), 0)": 0, "((-2.96, 0.24), 1)": 0, "((0.4, 0.52), 0)": 0, "((0.4, 0.52), 1)": -10.0, "((0.4, 0.14), 0)": 0, "((0.4, 0.14), 1)": 10.0, "((0.4, -0.16), 0)": 0, "((0.4, -0.16), 1)": 0, "((-2.6, 0.38), 0)": 0, "((-2.6, 0.38), 1)": 0, "((0.4, 0.6), 0)": 0, "((0.4, 0.6), 1)": 2.0, "((-2.96, 0.3), 0)": 0, "((-2.96, 0.3), 1)": 0, "((0.4, 0.36), 0)": 0, "((0.4, 0.36), 1)": 8.4, "((0.4, 0.06), 0)": 0, "((0.4, 0.06), 1)": 10.0, "((0.4, -0.24), 0)": 0, "((0.4, -0.24), 1)": 0, "((-2.96, 1.08), 0)": 0, "((-2.96, 1.08), 1)": 0, "((0.4, -0.04), 0)": 0, "((0.4, -0.04), 1)": 0, "((0.4, 0.44), 0)": 0, "((0.4, 0.44), 1)": 4.38349, "((0.4, -0.02), 0)": 0, "((0.4, -0.02), 1)": 0, "((-2.6, 0.84), 0)": 0, "((-2.6, 0.84), 1)": 0, "((-2.6, 0.14), 0)": 0, "((-2.6, 0.14), 1)": 0, "((0.4, 0.2), 0)": 0, "((0.4, 0.2), 1)": 10.0, "((-2.96, 0.52), 0)": 0, "((-2.96, 0.52), 1)": 0, "((-2.96, 0.6), 0)": 0, "((-2.96, 0.6), 1)": 0, "((0.4, 0.18), 0)": 0, "((0.4, 0.18), 1)": -10.0, "((0.4, -0.12), 0)": 0, "((0.4, -0.12), 1)": 0, "((-2.96, 0.46), 0)": 0, "((-2.96, 0.46), 1)": 0, "((-2.96, 0.2), 0)": 0, "((-2.96, 0.2), 1)": 0, "((0.4, 0.28), 0)": 0, "((0.4, 0.28), 1)": -10.0, "((0.4, -0.06), 0)": 0, "((0.4, -0.06), 1)": 0, "((-2.96, 0.16), 0)": 0, "((-2.96, 0.16), 1)": 0, "((-2.96, 0.22), 0)": 0, "((-2.96, 0.22), 1)": 0, "((-2.6, 0.78), 0)": 0, "((-2.6, 0.78), 1)": 0, "((0.4, 0.1), 0)": 0, "((0.4, 0.1), 1)": 10.0, "((-2.96, -0.08), 0)": 0, "((-2.96, -0.08), 1)": 0, "((-2.6, 0.16), 0)": 0, "((-2.6, 0.16), 1)": 0, "((-2.96, 0.0), 0)": 0, "((-2.96, 0.0), 1)": 0, "((-2.96, 0.32), 0)": 0, "((-2.96, 0.32), 1)": 0, "((-2.96, 0.28), 0)": 0, "((-2.96, 0.28), 1)": 0, "((0.4, -0.1), 0)": 0, "((0.4, -0.1), 1)": 0, "((-2.6, 0.76), 0)": 0, "((-2.6, 0.76), 1)": 0, "((-2.96, 0.36), 0)": 0, "((-2.96, 0.36), 1)": 0, "((0.4, 1.24), 0)": 0, "((0.4, 1.24), 1)": 5.5, "((0.4, 0.94), 0)": 0, "((0.4, 0.94), 1)": 4.0, "((-2.96, 0.64), 0)": 0, "((-2.96, 0.64), 1)": 0, "((-2.96, 0.02), 0)": 0, "((-2.96, 0.02), 1)": 0, "((-2.96, 0.44), 0)": 0, "((-2.96, 0.44), 1)": 0, "((-2.6, 0.62), 0)": 0, "((-2.6, 0.62), 1)": 0, "((-2.96, -0.02), 0)": 0, "((-2.96, -0.02), 1)": 0, "((-2.6, 0.22), 0)": 0, "((-2.6, 0.22), 1)": 0, "((-2.6, 0.46), 0)": 0, "((-2.6, 0.46), 1)": 0, "((-2.96, 0.56), 0)": 0, "((-2.96, 0.56), 1)": 0, "((-2.96, -0.22), 0)": 0, "((-2.96, -0.22), 1)": 0, "((-2.6, 0.7), 0)": 0, "((-2.6, 0.7), 1)": 0, "((-2.96, 0.1), 0)": 0, "((-2.96, 0.1), 1)": 0, "((-2.96, 0.08), 0)": 0, "((-2.96, 0.08), 1)": 0, "((0.4, -0.28), 0)": 0, "((0.4, -0.28), 1)": 0, "((-2.6, 0.3), 0)": 0, "((-2.6, 0.3), 1)": 0, "((-2.6, 0.6), 0)": 0, "((-2.6, 0.6), 1)": 0, "((-2.6, 0.1), 0)": 0, "((-2.6, 0.1), 1)": 0, "((-2.96, -0.04), 0)": 0, "((-2.96, -0.04), 1)": 0, "((-2.6, -0.28), 0)": 0, "((-2.6, -0.28), 1)": 0, "((-2.96, 0.06), 0)": 0, "((-2.96, 0.06), 1)": 0, "((0.4, 0.12), 0)": 0, "((0.4, 0.12), 1)": -10.0, "((-2.96, 0.48), 0)": 0, "((-2.96, 0.48), 1)": 0, "((-2.96, -0.1), 0)": 0, "((-2.96, -0.1), 1)": 0, "((-2.6, 0.48), 0)": 0, "((-2.6, 0.48), 1)": 0, "((0.4, -0.26), 0)": 0, "((0.4, -0.26), 1)": 0, "((-2.96, -0.06), 0)": 0, "((-2.96, -0.06), 1)": 0, "((-2.6, 0.08), 0)": 0, "((-2.6, 0.08), 1)": 0, "((-2.6, 0.54), 0)": 0, "((-2.6, 0.54), 1)": 0, "((-2.6, 0.0), 0)": 0, "((-2.6, 0.0), 1)": 0, "((0.4, -0.18), 0)": 0, "((0.4, -0.18), 1)": 0, "((-2.6, 0.2), 0)": 0, "((-2.6, 0.2), 1)": 0, "((-2.6, -0.08), 0)": 0, "((-2.6, -0.08), 1)": 0, "((-2.96, 0.04), 0)": 0, "((-2.96, 0.04), 1)": 0, "((-2.96, -0.14), 0)": 0, "((-2.96, -0.14), 1)": 0, "((-2.96, 0.86), 0)": 0, "((-2.96, 0.86), 1)": 0, "((-2.96, -0.28), 0)": 0, "((-2.96, -0.28), 1)": 0, "((-2.6, 0.04), 0)": 0, "((-2.6, 0.04), 1)": 0, "((-2.6, -0.02), 0)": 0, "((-2.6, -0.02), 1)": 0, "((0.4, 0.42), 0)": 0, "((0.4, 0.42), 1)": 7.761, "((-2.6, 0.56), 0)": 0, "((-2.6, 0.56), 1)": 0, "((-2.6, 1.08), 0)": 0, "((-2.6, 1.08), 1)": 0, "((-2.6, -0.14), 0)": 0, "((-2.6, -0.14), 1)": 0, "((-2.6, 0.06), 0)": 0, "((-2.6, 0.06), 1)": 0, "((-2.96, -0.24), 0)": 0, "((-2.96, -0.24), 1)": 0, "((-2.6, -0.12), 0)": 0, "((-2.6, -0.12), 1)": 0, "((-2.6, 0.44), 0)": 0, "((-2.6, 0.44), 1)": 0, "((-2.6, 0.52), 0)": 0, "((-2.6, 0.52), 1)": 0, "((-2.96, -0.16), 0)": 0, "((-2.96, -0.16), 1)": 0, "((-2.96, -0.12), 0)": 0, "((-2.96, -0.12), 1)": 0, "((-2.96, 0.12), 0)": 0, "((-2.96, 0.12), 1)": 0, "((-2.6, 0.28), 0)": 0, "((-2.6, 0.28), 1)": 0, "((-2.6, -0.22), 0)": 0, "((-2.6, -0.22), 1)": 0, "((-2.6, 0.36), 0)": 0, "((-2.6, 0.36), 1)": 0, "((0.4, 0.72), 0)": 0, "((0.4, 0.72), 1)": 4.36, "((0.4, 0.8), 0)": 0, "((0.4, 0.8), 1)": -10.0, "((0.4, 0.58), 0)": 0, "((0.4, 0.58), 1)": -10.0, "((-2.6, -0.06), 0)": 0, "((-2.6, -0.06), 1)": 0, "((-2.96, -0.2), 0)": 0, "((-2.96, -0.2), 1)": 0, "((-2.6, -0.26), 0)": 0, "((-2.6, -0.26), 1)": 0, "((-2.96, 0.8), 0)": 0, "((-2.96, 0.8), 1)": 0, "((-2.6, 0.12), 0)": 0, "((-2.6, 0.12), 1)": 0, "((-2.6, 0.26), 0)": 0, "((-2.6, 0.26), 1)": 0, "((-2.6, -0.16), 0)": 0, "((-2.6, -0.16), 1)": 0, "((-2.6, -0.1), 0)": 0, "((-2.6, -0.1), 1)": 0, "((-2.6, -0.24), 0)": 0, "((-2.6, -0.24), 1)": 0, "((0.4, 1.32), 0)": 0, "((0.4, 1.32), 1)": -10.0, "((-2.96, 1.02), 0)": 0, "((-2.96, 1.02), 1)": 0, "((-2.96, 0.42), 0)": 0,